tic_id,pl_name,hostname,pl_orbper,pl_trandur,pl_trandep,pl_tranmid,pl_rade,st_rad,ra,dec,sy_dist,sy_tmag
"TIC 188876052","HAT-P-8 b","HAT-P-8",3.07634000000,3.9016058,0.83000000,2456052.75596000,15.69260000,1.570000,343.0414932,35.4471778,211.55300000,9.7758000
"TIC 443616612","K2-43 b","K2-43",3.47114900000,2.0448000,0.66500000,2456809.88430000,4.51000000,0.542000,169.1170280,-3.9754405,182.53600000,13.7701000
"TIC 422349422","K2-126 b","K2-126",7.38565500000,2.5872000,0.08820000,2457223.79921000,1.97000000,0.650000,203.5467021,-13.5769705,102.95300000,11.6297000
"TIC 268160061","Kepler-1416 b","Kepler-1416",1.49514952000,3.1100000,0.00520000,2454965.66209000,0.88000000,1.150000,298.6634624,43.8940593,949.59000000,13.6973000
"TIC 279915941","Kepler-1542 c","Kepler-1542",2.89223021000,2.6070000,0.00443000,2454965.86465000,0.65000000,0.990000,285.7284757,42.6544651,399.11400000,12.1100000
"TIC 14160842","K2-85 b","K2-85",0.68453862616,0.8184000,0.04000000,2457065.36778000,1.40000000,0.710000,59.4648290,18.4649505,97.21790000,11.2967000
"TIC 414843476","K2-107 b","K2-107",3.31395900000,3.2232000,0.66580000,2457311.15178000,15.98000000,1.810000,284.9853550,-22.2934206,685.20000000,12.2834000
"TIC 242961495","K2-80 c","K2-80",5.60500000000,2.6800000,0.03010000,2457066.48420000,1.47000000,0.870000,59.0374860,13.5590288,200.80200000,11.7617000
"TIC 98720809","K2-229 c","K2-229",8.32727000000,2.5000000,0.05325000,2457586.34310000,2.03000000,0.790000,186.8729195,-6.7218474,102.56400000,10.2496000
"TIC 311035838","HAT-P-3 b","HAT-P-3",2.89970000000,2.0808000,1.20000000,2455694.72623000,10.53646000,0.870000,206.0940142,48.0285650,134.55400000,10.7164000
"TIC 427332229","WASP-32 b","WASP-32",2.71866000000,2.4240000,1.10000000,2456523.97994000,10.76064000,0.950000,3.9617073,1.2005122,275.99400000,11.0210000
"TIC 460396820","WASP-24 b","WASP-24",2.34121000000,2.6832000,1.00000000,2455402.12744000,15.46842000,1.420000,227.2154975,2.3432860,322.11400000,11.0062000
"TIC 121731834","Kepler-65 c","Kepler-65",5.85994400000,3.9280000,0.02820000,2454965.03910000,2.58000000,1.410000,288.6887221,41.1511076,303.72800000,10.5930000
"TIC 399860444","TrES-2 b","TrES-2",2.47063000000,1.7425900,1.60000000,2454955.76336000,15.24424000,1.120000,286.8085258,49.3164211,215.32000000,10.8540000
"TIC 416265126","Kepler-1028 b","Kepler-1028",2.51462432000,1.6093000,0.02284000,2454965.91016000,1.33000000,0.870000,289.5931004,49.7812447,607.91600000,13.8156000
"TIC 198588220","HAT-P-67 b","HAT-P-67",4.81010690000,6.9888000,0.69650000,2459010.99174000,23.98721870,2.620000,256.6107279,44.7768849,371.68600000,9.6333100
"TIC 121214909","Kepler-796 b","Kepler-796",6.40087618000,2.5038000,0.01408000,2454969.88109000,1.30000000,1.090000,287.3078999,39.1447097,817.58400000,12.4083000
"TIC 26583640","Kepler-1117 b","Kepler-1117",4.79028459000,2.7287000,0.01420000,2454967.95434000,1.11000000,0.930000,292.0847866,49.2374206,568.48700000,13.6112000
"TIC 27011135","Kepler-114 b","Kepler-114",5.18854900000,2.4350000,0.03536000,2454978.36320000,1.26000000,0.667000,294.1214820,48.3497977,259.53300000,13.0237000
"TIC 269264648","Kepler-187 b","Kepler-187",4.93886400000,4.2790000,0.01235000,2454968.95186000,1.41000000,1.287000,299.7964955,44.0892448,1143.00000000,13.6749000
"TIC 63206513","Kepler-461 b","Kepler-461",8.31378305900,2.9927000,0.08103000,2455008.99157600,2.58000000,0.910000,292.2490563,46.1647909,692.15800000,12.8947000
"TIC 120571308","Kepler-1601 b","Kepler-1601",2.20921951000,2.7300000,0.00598000,2454964.90843000,0.82000000,1.070000,285.5129496,38.0798390,644.45600000,13.2278000
"TIC 55315929","HD 80653 b","HD 80653",0.71957926000,1.7250000,0.01596404,2458095.56741000,1.62100000,1.199000,140.3390845,14.3678691,109.86000000,8.8909800
"TIC 279915941","Kepler-1542 d","Kepler-1542",5.99273738000,2.5486000,0.00698000,2454964.74864000,0.87000000,0.990000,285.7284757,42.6544651,399.11400000,12.1100000
"TIC 352007758","Kepler-211 c","Kepler-211",6.04045000000,2.0530000,0.02732000,2455005.59435000,1.29000000,0.816000,285.4391183,43.1685051,309.35300000,12.7099000
"TIC 169084431","Kepler-203 c","Kepler-203",5.37064700000,2.0140000,0.05194000,2455005.23697000,2.47000000,1.114000,297.0899590,41.3880686,703.30200000,13.4773000
"TIC 39903405","HAT-P-2 b","HAT-P-2",5.63351580000,4.2888000,0.56510000,2458657.66292000,10.65975900,1.390000,245.1514324,41.0479601,127.77400000,8.2746800
"TIC 436478932","WASP-21 b","WASP-21",4.32248200000,3.3552000,1.08200000,2454743.04190000,11.99000000,1.060000,347.4928024,18.3961597,258.42600000,10.9644000
"TIC 110178537","CoRoT-11 b","CoRoT-11",2.99433000000,2.5009000,1.14490000,2454597.67900000,16.03000000,1.370000,280.6872998,5.9376586,655.03700000,12.4190000
"TIC 392353449","CoRoT-3 b","CoRoT-3",4.25680000000,3.3840000,0.43980000,2454283.13830000,11.32000000,1.560000,292.0552827,0.1218359,768.77100000,12.7127000
"TIC 350814622","Kepler-4 b","Kepler-4",3.21346000000,3.9823500,0.08700000,2454956.61270000,4.00200000,1.487000,285.6154492,50.1357712,487.91600000,11.7266000
"TIC 437248515","WASP-31 b","WASP-31",3.40590960000,2.6472000,1.61500000,2455192.68870000,17.36300000,1.252000,169.4388603,-19.0547781,383.82900000,11.4553000
"TIC 368805700","WASP-37 b","WASP-37",3.57746900000,3.1296000,1.42700000,2455338.61880000,13.00200000,1.003000,221.9438866,1.0650227,392.79100000,12.1159000
"TIC 120571842","Kepler-9 d","Kepler-9",1.59285100000,1.9700000,0.02483000,2455015.09430000,1.64000000,1.020000,285.5739904,38.4008192,628.25700000,13.3273000
"TIC 21339280","K2-269 b","K2-269",4.14496500000,2.7096000,0.00780000,2457141.59855000,1.57000000,1.450000,130.1551381,13.0146799,360.76000000,11.0140000
"TIC 27769737","Kepler-1031 b","Kepler-1031",1.22621732000,2.1486000,0.00561000,2454965.68683000,0.87000000,1.120000,296.0898796,48.9554121,682.88200000,13.4150000
"TIC 13021029","WASP-61 b","WASP-61",3.85590000000,3.9504000,0.88000000,2457128.11889000,15.80469000,1.550000,75.2996637,-26.0541438,488.66000000,11.7231000
"TIC 31858843","WASP-123 b","WASP-123",2.97764359000,3.0936000,1.30220000,2456845.17350000,15.13212395,1.285000,289.4792124,-32.8601244,197.99600000,10.4293000
"TIC 122784501","KOI-984 b","KOI-984",4.28817850000,1.5800000,0.22900000,2454957.78370000,4.30000000,0.818000,291.0489438,36.8400772,252.66700000,11.5170000
"TIC 268060310","Kepler-949 b","Kepler-949",8.68930729600,2.5913000,0.11170000,2454966.66108700,2.91000000,0.860000,298.6079128,46.4536600,486.10500000,13.9076000
"TIC 4918918","Wolf 327 b","Wolf 327",0.57347450000,0.9004508,0.08183903,2459252.98110000,1.24000000,0.406000,148.3783199,35.5705480,28.53210000,10.7818000
"TIC 32499655","HATS-44 b","HATS-44",2.74390040000,1.6512000,1.38523980,2456931.11384000,11.96000300,0.847000,84.3267559,-27.9725758,446.03500000,13.5452000
"TIC 237158274","Kepler-132 b","Kepler-132",6.17819600000,3.2640000,0.01019000,2455001.86198000,1.21000000,1.178000,283.2358100,41.3430370,349.54900000,11.3470000
"TIC 388811663","K2-212 b","K2-212",9.79564700000,2.5992000,0.12797000,2457399.64109000,2.65000000,0.678000,18.4241015,3.0970732,109.21800000,11.7603000
"TIC 103751498","Qatar-8 b","Qatar-8",3.71495000000,4.0272000,1.26200000,2458210.83980000,14.40356500,1.315000,157.4123405,70.5270835,281.49800000,10.9101000
"TIC 137903329","Kepler-74 b","Kepler-74",7.34071100000,3.0820000,0.86795000,2455187.56737000,10.76000000,1.120000,293.0925275,41.3555095,1177.55000000,13.9154000
"TIC 380255458","K2-140 b","K2-140",6.56918800000,3.8100000,1.55700000,2457588.28509000,13.56286665,1.060000,188.1373172,-9.6076115,347.91700000,12.0213000
"TIC 397052808","EPIC 201595106 b","EPIC 201595106",0.87724000000,1.0008000,0.02500000,2457583.04429000,1.56500000,0.980000,183.7203635,1.9681688,232.10000000,11.2023000
"TIC 121215710","Kepler-1581 b","Kepler-1581",6.28385491000,4.1240000,0.00357000,2454966.19997000,0.80000000,1.230000,287.3713199,39.6036225,493.17500000,11.9361000
"TIC 27239696","Kepler-464 b","Kepler-464",7.25696522400,4.8639000,0.04632000,2454967.02329300,3.30000000,1.590000,294.8351052,48.9823204,667.60400000,12.2445000
"TIC 122519154","Kepler-198 d","Kepler-198",1.31184443000,1.7729000,0.02628000,2454966.10921000,1.53000000,0.930000,290.6731326,38.6910045,495.35800000,13.0920000
"TIC 159642390","Kepler-783 b","Kepler-783",4.29264638000,2.6220000,0.00625000,2454967.79738000,0.78000000,0.890000,291.0628615,47.4847890,516.09000000,13.4322000
"TIC 123313142","Kepler-322 c","Kepler-322",4.33723400000,2.4540000,0.03756000,2454965.84959000,1.67000000,0.890000,281.3487514,44.2952525,400.48000000,12.9875000
"TIC 190998418","Qatar-5 b","Qatar-5",2.87923190000,2.9088000,1.12600000,2457336.75824200,12.40836300,1.076000,7.0539375,42.0613451,367.65800000,12.0401000
"TIC 124235800","TOI-4898 b","TOI-4898",2.76520470167,1.4486675,0.23900000,2458580.63858593,3.71979540,0.639344,197.3416711,-32.8294537,98.59580000,11.9277000
"TIC 63122176","Kepler-1365 b","Kepler-1365",7.69993485000,4.3900000,0.00709000,2454967.39328000,0.92000000,1.050000,292.1996573,42.0459944,840.12800000,12.9078000
"TIC 78055054","HATS-43 b","HATS-43",4.38884970000,2.9884800,2.49645478,2457636.08946000,13.22662000,0.812000,80.5382418,-30.9708179,362.27300000,12.8461000
"TIC 48448369","Kepler-134 b","Kepler-134",5.31742900000,2.9010000,0.02842000,2455004.87608000,2.00000000,1.176000,284.7391156,49.5984448,334.79700000,11.8216000
"TIC 437242640","WASP-34 b","WASP-34",4.31768000000,2.1024000,1.30000000,2458654.36450000,11.20900000,0.910000,165.3993679,-23.8609457,132.09600000,9.7566000
"TIC 122374620","Kepler-156 b","Kepler-156",4.97345600000,1.5790000,0.07416000,2455003.88529000,2.30000000,0.807000,290.2964214,37.7494271,443.48300000,13.5698000
"TIC 189625051","HATS-64 b","HATS-64",4.90889700000,5.8056000,0.55488280,2457769.82287000,18.81991100,2.113000,144.2876092,-29.8004440,1080.15000000,12.4870000
"TIC 27914389","Kepler-524 c","Kepler-524",1.88897906000,3.2460000,0.00590000,2454965.09740000,0.96000000,1.100000,296.8591787,49.1620125,1058.24000000,13.4203000
"TIC 320419023","TIC 320419023 b","TIC 320419023",5.26375651589,2.9457110,,2459555.64733255,2.77280763,0.952319,118.0726215,11.8241773,288.89300000,11.6383000
"TIC 380887434","TOI-4527.01","TOI-4527",0.39944450000,0.8028796,0.03308174,2459474.20024300,0.90866170,0.485948,19.4722574,5.4711996,18.10370000,9.1676400
"TIC 51664268","K2-255 b","K2-255",1.96417000000,1.1000000,0.18300000,2457583.30150000,2.90000000,0.690000,189.9128532,-3.3705631,191.60800000,12.5851000
"TIC 27187218","Kepler-480 b","Kepler-480",4.91958379500,4.1876000,0.04257000,2454967.60275900,2.78000000,1.340000,294.4639165,49.7650473,847.50800000,12.8474000
"TIC 417931300","TOI-2068 b","TOI-2068",7.76891500000,2.0600000,0.09700000,2458683.42580000,1.82100000,0.535000,186.2735600,60.4183455,52.93280000,11.1806000
"TIC 436875934","HAT-P-52 b","HAT-P-52",2.75359530000,2.4072000,1.44600000,2455852.10326000,11.30988100,0.893000,42.7217412,29.0222492,361.15500000,13.1361000
"TIC 235078021","TOI-4747 b","TOI-4747",5.21924158592,2.6763556,0.15000000,2459196.39359501,3.95803201,0.988751,86.4276650,-45.0292291,304.61500000,11.8128000
"TIC 14614418","HATS-18 b","HATS-18",0.83784000000,1.9440000,2.13557851,2458217.64374000,14.89676100,1.020000,173.9574203,-29.1560639,624.36800000,13.3898000
"TIC 171882123","Kepler-48 c","Kepler-48",9.67395000000,3.2870000,0.09527000,2454958.33925000,2.71000000,0.890000,299.1393094,40.9489390,306.73800000,12.5074000
"TIC 26474039","Kepler-889 b","Kepler-889",3.74443900000,2.9492000,0.00733000,2454966.56063000,1.09000000,1.250000,291.4674540,50.7595597,598.31300000,12.2580000
"TIC 9155187","XO-5 b","XO-5",4.18775580000,3.1176000,1.08000000,2456864.31290000,12.78000000,1.130000,116.7163868,39.0944695,276.21100000,11.4556000
"TIC 63282889","Kepler-1825 b","Kepler-1825",1.02586996600,0.8069000,0.02707000,2454964.65551000,1.42200732,0.847000,292.5140647,42.6517554,430.25400000,13.7731000
"TIC 123231081","Kepler-431 c","Kepler-431",8.70300000000,4.8070000,0.00320000,2454973.15531000,0.66800000,1.092000,281.1123072,43.2277663,486.54600000,11.5319000
"TIC 230055368","TOI-5720 b","TOI-5720",1.43445550000,1.0200000,0.07250000,2460076.90250100,1.09000000,0.383000,170.3135774,25.2732942,35.82560000,11.6196000
"TIC 184554925","Kepler-472 b","Kepler-472",4.17625551400,3.7012000,0.13601000,2454966.09034100,3.22000000,0.780000,296.5245187,39.2498503,306.60200000,13.0169000
"TIC 270521167","Kepler-1275 b","Kepler-1275",3.65691115000,2.1140000,0.01181000,2454967.95397000,1.48000000,1.360000,293.5004955,44.9324455,1153.98000000,13.9869000
"TIC 376879052","K2-386 b","K2-386",7.47322300000,3.5568000,0.06610000,2457395.90560000,2.32000000,0.970000,18.2999964,7.0130302,428.78500000,12.5343000
"TIC 102192004","WASP-174 b","WASP-174",4.23370050000,2.0940000,0.86000000,2458545.52660000,16.10730527,1.347000,195.7940145,-41.3848617,410.14900000,11.3287000
"TIC 219015370","TOI-1294 b","TOI-1294",3.91529200000,3.0331397,0.33500000,2459393.00711000,10.12369881,1.556600,223.0926408,70.4765573,332.64800000,10.9458000
"TIC 168811794","Kepler-1783 b","Kepler-1783",8.27744007100,2.7043000,0.01859000,2454971.25508000,1.31946731,1.781000,297.0210984,41.3771655,264.07800000,12.5126000
"TIC 137414304","Kepler-625 b","Kepler-625",7.75192492000,3.4849000,0.04060000,2455009.17270000,1.99000000,0.960000,292.1504723,39.6375254,760.70800000,12.8255000
"TIC 422685031","K2-407 b","K2-407",4.94190700000,2.9000000,,2457993.51010000,1.28300000,0.927000,232.5552584,-23.0067371,218.37600000,11.4565000
"TIC 267667295","KOI-351 b","KOI-351",7.00815100000,3.9900000,0.01164000,2454970.69060000,1.31000000,1.200000,284.4334642,49.3051239,848.25400000,13.3396000
"TIC 262662119","WASP-151 b","WASP-151",4.53347750000,3.6643000,1.06640000,2457763.67624100,13.30506009,1.181000,349.0634651,0.3066895,453.09900000,12.1796000
"TIC 68007716","TOI-2587 A b","TOI-2587 A",5.45664000000,4.1620000,0.41100000,2458950.09242000,12.07207221,1.726000,115.9317105,-1.0733330,373.67500000,10.9657000
"TIC 158923465","Kepler-60 b","Kepler-60",7.13340000000,4.3680000,0.01450000,2456462.27960000,1.71000000,1.257000,288.9612535,42.2650472,1025.10000000,13.4729000
"TIC 120251654","Kepler-1818 b","Kepler-1818",4.64490985900,3.3660000,0.01474000,2454969.02655000,1.71360684,1.129000,284.3284866,40.5688741,1034.59000000,13.8452000
"TIC 239289191","Kepler-1518 c","Kepler-1518",9.63102580000,5.2550000,0.02972000,2454965.72730000,2.90000000,1.345000,300.3323404,44.9861065,903.51000000,12.8852000
"TIC 48304653","Kepler-101 c","Kepler-101",6.02976000000,3.8700000,0.00546000,2454965.48600000,1.25000000,1.560000,283.2555070,48.3552474,927.98100000,13.0805000
"TIC 417646390","TOI-4137 b","TOI-4137",3.80161220000,3.4296000,0.74900000,2458990.46651000,13.57407563,1.438000,77.6128790,70.3910790,334.99300000,10.8557000
"TIC 121108727","Kepler-475 b","Kepler-475",3.10550818900,1.7210000,0.09109000,2454966.21043600,2.49000000,0.790000,287.0516940,40.2114232,280.06900000,12.6882000
"TIC 122293639","Kepler-887 c","Kepler-887",7.63846023000,3.9710000,0.00717000,2454971.24467000,1.13000000,1.290000,290.0907893,39.8169085,886.58800000,13.0693000
"TIC 272180236","Kepler-1947 b","Kepler-1947",6.96363019900,3.1760000,0.00681000,2454966.01421000,1.01016660,1.686000,296.1040313,42.3425818,468.77100000,12.4445000
"TIC 137555923","Kepler-1827 b","Kepler-1827",3.70061993600,5.4080000,0.00686000,2454966.16065000,1.85644292,1.404000,292.2525301,40.7927895,686.46100000,12.4638000
"TIC 137906197","TOI-1768.01","TOI-1768",7.33770364900,4.5639000,0.07950000,2459627.02240000,3.45300000,1.100000,152.1027826,55.5399599,157.59700000,9.9100800
"TIC 281575427","TOI-205 b","TOI-205",4.25300773815,3.3953599,0.02611394,2459096.12263072,2.50121142,1.453820,7.9754636,-56.9650808,177.75900000,9.4525000
"TIC 345063080","K2-401 b","K2-401",6.29309900000,1.9000000,,2457906.95310000,2.26200000,0.675000,154.9876040,3.9548275,200.72700000,12.9442000
"TIC 289661991","TOI-3807 b","TOI-3807",2.89897270000,1.7800000,1.36000000,2459218.13454000,18.49481816,1.468000,139.1125648,69.0741284,421.74500000,11.5817000
"TIC 272945038","Kepler-931 b","Kepler-931",8.03755877000,2.7866000,0.02865000,2454972.35639000,1.33000000,0.810000,297.1326937,42.7682885,490.00000000,13.8613000
"TIC 122375047","Kepler-19 b","Kepler-19",9.28699000000,3.3652000,0.06917000,2454959.70740000,2.20900000,0.859000,290.4209694,37.8516556,218.56200000,11.3992000
"TIC 186814470","K2-338 b","K2-338",3.85061400000,1.7800000,0.03910000,2457141.52634900,1.03000000,0.630000,124.3609294,17.0241557,156.95100000,12.3552000
"TIC 150030205","TOI-286 b","TOI-286",4.51172440000,2.0400000,0.03061300,2460186.64911000,1.42000000,0.780000,90.9842762,-60.6663348,59.22930000,9.1059000
"TIC 236445129","KELT-16 b","KELT-16",0.96899510000,2.4888000,1.14600000,2457247.24791000,15.86073500,1.360000,314.2685227,31.6610186,444.58600000,11.4373000
"TIC 393414358","WASP-63 b","WASP-63",4.37808000000,5.3900978,0.61000000,2458574.77102000,15.80469000,1.860000,94.3363562,-38.3233826,290.68400000,10.4390000
"TIC 427685831","WASP-52 b","WASP-52",1.74977980000,1.8096000,2.71000000,2455793.68143000,14.24000000,0.790000,348.4947931,8.7610793,174.81800000,11.3819000
"TIC 1129033","WASP-77 A b","WASP-77 A",1.36002939500,2.1652751,1.94276945,2459957.33786000,13.56000000,0.910000,37.1555223,-7.0606675,105.16600000,9.6271300
"TIC 332064670","55 Cnc e","55 Cnc",0.73654740000,1.5439000,0.03846733,2457063.20960000,1.87500000,0.943000,133.1468373,28.3298154,12.58550000,5.2058000
"TIC 467929202","GJ 1214 b","GJ 1214",1.58040453100,0.8696600,1.34300000,2459639.78126190,2.73300000,0.216200,258.8313991,4.9606795,14.64270000,11.5810000
"TIC 138819293","GJ 436 b","GJ 436",2.64388312000,1.0053600,0.68190000,2454510.80162000,4.17000000,0.455000,175.5505363,26.7030669,9.75321000,8.4034600
"TIC 198108326","HAT-P-12 b","HAT-P-12",3.21305980000,2.3376000,1.97700000,2454419.19556000,10.74900000,0.701000,209.3886452,43.4933100,142.75100000,11.7551000
"TIC 20096620","HAT-P-13 b","HAT-P-13",2.91625000000,3.2868100,0.72577025,2454779.92976000,14.25800000,1.756000,129.8823772,47.3519076,246.81000000,9.9596000
"TIC 101721385","HAT-P-14 b","HAT-P-14",4.62767000000,2.1888000,0.65000000,2457304.81275000,15.91678000,1.820000,260.1161719,38.2421682,222.66300000,9.5441700
"TIC 21744120","HAT-P-18 b","HAT-P-18",5.50802300000,2.7144000,2.15847573,2454715.02174000,11.15300000,0.749000,256.3463760,33.0123251,161.40000000,11.7330000
"TIC 346338552","HAT-P-1 b","HAT-P-1",4.46529976000,2.8500000,1.44400000,2453979.93202000,14.78467100,1.174000,344.4453632,38.6749190,158.97900000,9.7603100
"TIC 420779000","HAT-P-26 b","HAT-P-26",4.23452000000,2.4552000,0.54000000,2456901.05945800,7.06167000,0.870000,213.1565508,4.0594175,141.83700000,10.9016000
"TIC 455135327","HAT-P-30 b","HAT-P-30",2.81060000000,2.2499254,1.30000000,2457775.21277800,16.14096000,1.310000,123.9498431,5.8368669,213.98500000,9.9390800
"TIC 292152376","HAT-P-32 b","HAT-P-32",2.15000820000,3.1204800,2.21600000,2455867.40274300,22.19382000,1.367000,31.0427614,46.6878512,289.20500000,10.7696000
"TIC 255930614","HD 149026 b","HD 149026",2.87589000000,3.1400000,0.29000000,2457217.64141000,8.29466000,1.410000,247.6229827,38.3475349,75.86430000,7.6262000
"TIC 256364928","HD 189733 b","HD 189733",2.21857567000,1.8233621,2.40000000,2453955.52555110,12.66617000,0.750000,300.1821223,22.7097759,19.76380000,6.8481000
"TIC 420814525","HD 209458 b","HD 209458",3.52474859000,3.0720000,1.50000000,2451659.93742000,15.58051000,1.190000,330.7950219,18.8842419,48.30160000,7.1274000
"TIC 159742538","TrES-4 b","TrES-4",3.55395000000,3.6341388,0.98000000,2460478.71288500,18.04649000,1.660000,268.3043361,37.2117397,515.98000000,11.1116000
"TIC 86396382","WASP-12 b","WASP-12",1.09141890100,3.0010000,1.53777921,2457607.51930500,22.02564708,1.690000,97.6366450,29.6722662,427.24600000,11.0967000
"TIC 111991770","WASP-15 b","WASP-15",3.75210000000,3.7128000,0.97000000,2456036.76051000,15.80469000,1.480000,208.9280111,-32.1597118,282.09100000,10.4445000
"TIC 66818296","WASP-17 b","WASP-17",3.73543000000,4.4232000,1.70000000,2454592.80154000,20.96083000,1.490000,239.9622479,-28.0617941,405.90800000,11.0261000
"TIC 100100827","WASP-18 b","WASP-18",0.94145223000,2.2100000,1.04100000,2456740.80560000,13.89913607,1.319000,24.3544618,-45.6777937,123.48300000,8.8287000
"TIC 35516889","WASP-19 b","WASP-19",0.78883852000,1.6070000,2.07700000,2456402.71280000,15.86070769,1.006000,148.4167672,-45.6591078,268.32500000,11.6044000
"TIC 229047362","WASP-25 b","WASP-25",3.76483370000,2.7599960,2.22571184,2455274.99649000,13.80946422,0.884000,195.3597581,-27.5222273,211.41600000,11.2175000
"TIC 181949561","WASP-39 b","WASP-39",4.05529410000,2.8032000,2.34348052,2455342.96913000,14.33631100,0.939000,217.3266477,-3.4444994,213.98200000,11.3763000
"TIC 36734222","WASP-43 b","WASP-43",0.81347500000,1.1592000,2.55000000,2455528.86774000,10.42400000,0.600000,154.9081869,-9.8064431,86.74670000,11.1184000
"TIC 204376737","WASP-6 b","WASP-6",3.36100260000,2.5685869,2.40817811,2454596.43260000,12.54284940,0.790000,348.1571282,-22.6741248,197.11900000,11.4779000
"TIC 19028197","GJ 3470 b","GJ 3470",3.33664960000,1.8984000,0.67658704,2455983.70421000,4.57000000,0.547000,119.7735021,15.3912090,29.42140000,10.2479000
"TIC 102264230","WASP-47 b","WASP-47",4.15915100000,3.5722000,1.27120000,2459407.76198700,12.86000000,1.156000,331.2030920,-12.0190670,264.78000000,11.2900000
"TIC 243921117","WASP-80 b","WASP-80",3.06785234000,2.1310000,2.93700000,2456487.42500600,11.19779100,0.586000,303.1667996,-2.1444369,49.78760000,10.3622000
"TIC 276754403","WASP-103 b","WASP-103",0.92554200000,2.5930000,1.19500000,2456459.59957000,17.12700000,1.436000,249.3148604,7.1833758,375.64700000,11.7586000
"TIC 160148385","WASP-96 b","WASP-96",3.42526020000,2.4264000,1.38000000,2456258.06210000,13.45000000,1.050000,1.0465696,-47.3606352,352.46400000,11.9116000
"TIC 92352620","WASP-94 A b","WASP-94 A",3.95019000000,4.4880000,1.20000000,2458300.64763000,17.71022000,1.480000,313.7832393,-34.1357512,211.21100000,9.6433000
"TIC 248853232","WASP-69 b","WASP-69",3.86813881000,2.1869000,1.72599935,2455748.83428000,11.21000000,0.801000,315.0259661,-5.0948570,49.96050000,8.8628000
"TIC 350293646","WASP-84 b","WASP-84",8.52349648000,2.7600000,1.72300000,2457956.71194000,10.72000000,0.768000,131.1069959,1.8598933,100.58800000,10.0471000
"TIC 211438925","WASP-20 b","WASP-20",4.89964477000,3.0700000,1.09570000,2455715.66591000,15.46839337,1.242000,5.1605621,-23.9357894,211.87700000,10.2480000
"TIC 33521996","HATS-6 b","HATS-6",3.32527250000,2.0409600,3.23000000,2456643.74058000,11.18658200,0.570000,88.1468079,-19.0316268,169.31800000,13.3383000
"TIC 367366318","KELT-7 b","KELT-7",2.73477000000,3.5112000,0.83000000,2459109.13844700,17.93440000,1.810000,78.2955912,33.3179532,136.68100000,8.1484700
"TIC 358516596","KELT-8 b","KELT-8",3.24406000000,3.6774272,1.30000000,2457986.46737000,18.15858000,1.460000,283.3054489,24.1272483,197.57200000,10.2025000
"TIC 363445338","K2-22 b","K2-22",0.38107300000,0.5856000,0.62400000,2456846.94318000,2.30000000,0.580000,169.4827046,2.6190363,243.83600000,13.9558000
"TIC 102264230","WASP-47 d","WASP-47",9.03050100000,4.2880000,0.10700000,2457024.43010700,3.65000000,1.156000,331.2030920,-12.0190670,264.78000000,11.2900000
"TIC 102264230","WASP-47 e","WASP-47",0.78961000000,1.8990000,0.02580000,2457012.13666000,1.83000000,1.156000,331.2030920,-12.0190670,264.78000000,11.2900000
"TIC 101955023","GJ 1132 b","GJ 1132",1.62892911000,0.7664600,0.24430000,2459280.98988000,1.19151465,0.221100,153.7090696,-47.1549358,12.61300000,10.8372000
"TIC 293435336","WASP-76 b","WASP-76",1.80988198000,3.8000000,1.17800000,2458080.62616500,20.78145022,1.756000,26.6329360,2.7003890,194.45900000,9.0270600
"TIC 165297570","KELT-4 A b","KELT-4 A",2.98959320000,3.4627200,1.18700000,2456190.30201000,19.04409100,1.603000,157.0626200,25.5731366,218.05000000,9.6022000
"TIC 278892590","TRAPPIST-1 b","TRAPPIST-1",1.51082600000,0.6010000,0.73780000,2457322.51419300,1.11600000,0.119200,346.6263919,-5.0434618,12.42988881,13.8529000
"TIC 278892590","TRAPPIST-1 c","TRAPPIST-1",2.42193700000,0.7005000,0.71230000,2457282.81138710,1.09700000,0.119200,346.6263919,-5.0434618,12.42988881,13.8529000
"TIC 278892590","TRAPPIST-1 d","TRAPPIST-1",4.04921900000,0.8145000,0.36760000,2457670.14630140,0.78800000,0.119200,346.6263919,-5.0434618,12.42988881,13.8529000
"TIC 178217113","K2-34 b","K2-34",2.99563480000,2.4768000,0.74930000,2457141.35148340,13.75000000,1.420000,127.5787231,22.2359194,348.64600000,11.0514000
"TIC 22529346","WASP-121 b","WASP-121",1.27492504000,2.9053000,1.50180000,2460245.02038000,19.52604438,1.461000,107.6002312,-39.0972705,269.89800000,10.0560000
"TIC 318707987","HD 3167 b","HD 3167",0.95965451000,1.6360000,0.02884000,2458925.98237000,1.60100000,0.871000,8.7401487,4.3807215,47.28990000,8.2491000
"TIC 283419843","HAT-P-65 b","HAT-P-65",2.60544751000,4.3656000,1.11399639,2458139.35067000,18.05766791,1.666000,315.9054895,11.9893675,738.51900000,12.5375000
"TIC 271168962","WASP-131 b","WASP-131",5.32201250000,3.8450000,0.65170000,2458282.25880000,13.74221034,1.561000,210.1935714,-30.5836084,200.07500000,9.4719900
"TIC 159951311","WASP-139 b","WASP-139",5.92426200000,2.8320000,1.07000000,2457196.79330000,8.96720000,0.800000,49.5621730,-41.3020235,212.47200000,11.7276000
"TIC 169226822","WASP-127 b","WASP-127",4.17806203000,4.3528800,1.02100000,2456776.62124000,14.69499900,1.333000,160.5587646,-3.8349989,159.50700000,9.6295900
"TIC 278892590","TRAPPIST-1 e","TRAPPIST-1",6.10101300000,0.9293000,0.50120000,2457660.36766210,0.92000000,0.119200,346.6263919,-5.0434618,12.42988881,13.8529000
"TIC 278892590","TRAPPIST-1 f","TRAPPIST-1",9.20754000000,1.0480000,0.64650000,2457671.37372990,1.04500000,0.119200,346.6263919,-5.0434618,12.42988881,13.8529000
"TIC 56815340","HD 106315 b","HD 106315",9.55237000000,3.7750000,0.03542093,2457586.54870000,2.44000000,1.296000,183.4724742,-0.3934357,109.35300000,8.5633800
"TIC 55092869","KELT-11 b","KELT-11",4.73620865000,7.1000000,0.23388746,2455498.95898000,15.13212395,2.690000,161.7069053,-9.3993646,99.15960000,7.3212000
"TIC 16740101","KELT-9 b","KELT-9",1.48112350000,4.1588291,0.67885145,2457095.68572000,21.70058664,2.418000,307.8598998,39.9389161,204.45500000,7.5820400
"TIC 429302040","WASP-107 b","WASP-107",5.72148760000,2.7386400,2.55490000,2459958.74727000,10.53646000,0.657000,188.3864277,-10.1462141,64.74140000,10.4180000
"TIC 301289516","GJ 9827 b","GJ 9827",1.20897400000,1.2597600,0.05860000,2457738.82590000,1.44000000,0.580000,351.7717763,-1.2853435,29.66100000,9.0684000
"TIC 301289516","GJ 9827 c","GJ 9827",3.64810300000,1.8264000,0.03610000,2457742.20000000,1.13000000,0.580000,351.7717763,-1.2853435,29.66100000,9.0684000
"TIC 301289516","GJ 9827 d","GJ 9827",6.20183000000,1.2264000,0.09570000,2460265.10196000,1.98000000,0.580000,351.7717763,-1.2853435,29.66100000,9.0684000
"TIC 69679391","KELT-20 b","KELT-20",3.47410850000,3.5755200,1.30900000,2457503.12004900,19.51486900,1.565000,294.6614126,31.2192001,136.42600000,7.5521600
"TIC 301235044","K2-141 b","K2-141",0.28032440000,0.9400000,0.05070000,2457744.07160000,1.51000000,0.681000,350.9170464,-1.1891827,61.87360000,10.0298000
"TIC 301235044","K2-141 c","K2-141",7.74850000000,,,2457751.15460000,7.00000000,0.681000,350.9170464,-1.1891827,61.87360000,10.0298000
"TIC 125739286","NGTS-2 b","NGTS-2",4.51116400000,4.6510000,1.11700000,2457759.12610000,17.87835500,1.702000,215.1227617,-31.2020698,356.39100000,10.5288000
"TIC 237320326","WASP-164 b","WASP-164",1.77712550000,1.6036800,1.54200000,2457203.85378000,12.64375200,0.932000,344.8735878,-60.4478194,327.50600000,12.0030000
"TIC 92226327","LHS 1140 c","LHS 1140",3.77794000000,1.1300000,0.29000000,2458389.29390000,1.27200000,0.215900,11.2486320,-15.2741085,14.98610000,11.2991000
"TIC 410153553","LHS 3844 b","LHS 3844",0.46292970900,0.5242000,0.06960000,2460178.83309000,1.28600000,0.189000,340.4962038,-69.1721081,14.88460000,11.9238000
"TIC 120896927","HD 15337 b","HD 15337",4.75598040000,2.5536000,0.03440000,2458411.46230000,1.77000000,0.855000,36.8678846,-27.6361171,44.81550000,8.3157000
"TIC 307210830","L 98-59 b","L 98-59",2.25311400000,1.0100000,0.05890000,2458366.17056000,0.83700000,0.315500,124.5328604,-68.3144658,10.61940000,9.4124200
"TIC 307210830","L 98-59 c","L 98-59",3.69067640000,1.2800000,0.14860000,2458367.27303000,1.32900000,0.315500,124.5328604,-68.3144658,10.61940000,9.4124200
"TIC 307210830","L 98-59 d","L 98-59",7.45072900000,0.8400000,0.14450000,2458362.74002000,1.62700000,0.315500,124.5328604,-68.3144658,10.61940000,9.4124200
"TIC 408310006","WASP-166 b","WASP-166",5.44354000000,3.6000000,0.28100000,2457664.32890000,7.06167000,1.220000,144.8751047,-20.9824191,114.17300000,8.8684900
"TIC 259377017","TOI-270 b","TOI-270",3.35992000000,1.2940000,0.09766941,2458461.01464000,1.28000000,0.380000,68.4160804,-51.9573937,22.47930000,10.4981000
"TIC 259377017","TOI-270 c","TOI-270",5.66051000000,1.6820000,0.34518440,2458463.08056000,2.33000000,0.380000,68.4160804,-51.9573937,22.47930000,10.4981000
"TIC 413248763","GJ 357 b","GJ 357",3.93060000000,1.2910000,0.09550000,2459272.67570000,1.20000000,0.337000,144.0074644,-21.6650634,9.44181000,8.7409400
"TIC 98796344","LTT 1445 A b","LTT 1445 A",5.35876350000,1.3660000,0.23000000,2458412.70910000,1.34000000,0.271000,45.4624781,-16.5944956,6.86929000,8.8429400
"TIC 160708862","WASP-178 b","WASP-178",3.34482850000,3.4704000,1.24300000,2456927.06839000,20.28829000,1.670000,227.2703290,-42.7049658,427.67800000,9.8787000
"TIC 15756231","V1298 Tau c","V1298 Tau",8.24916400000,4.8900000,,2458293.34123800,5.08000000,1.320000,61.3316540,20.1570318,108.19900000,9.4901000
"TIC 181804752","LP 791-18 b","LP 791-18",0.94799810000,0.6195000,0.42005289,2458774.86973000,1.21200000,0.182000,165.6904843,-16.4064445,26.49270000,13.5571000
"TIC 181804752","LP 791-18 c","LP 791-18",4.98991000000,1.1670000,1.89314106,2458546.50923000,2.48800000,0.182000,165.6904843,-16.4064445,26.49270000,13.5571000
"TIC 52368076","TOI-125 b","TOI-125",4.65382000000,2.9616000,0.08700000,2458355.35529000,2.72600000,0.848000,23.5934253,-66.6763495,111.05900000,10.1985000
"TIC 52368076","TOI-125 c","TOI-125",9.15059000000,2.9544000,0.08910000,2458361.90850000,2.75900000,0.848000,23.5934253,-66.6763495,111.05900000,10.1985000
"TIC 234994474","L 168-9 b","L 168-9",1.40152604000,1.0200000,0.05937541,2459082.85679000,1.63000000,0.604000,350.0285917,-60.0657292,25.14960000,9.2297800
"TIC 201642601","HATS-48 A b","HATS-48 A",3.13166660000,2.3457600,1.49156944,2457100.55022000,8.96720000,0.715200,288.6720048,-59.5793505,263.60900000,13.1686000
"TIC 188570092","HATS-72 b","HATS-72",7.32794740000,3.0847200,1.37100000,2458087.64782000,8.09738160,0.721400,339.0258401,-17.0003046,127.58900000,11.3875000
"TIC 254113311","TOI-1130 b","TOI-1130",4.07455400000,1.8373729,0.26500950,2458658.74627000,3.66000000,0.697000,286.3760037,-41.4376399,58.26090000,10.1429000
"TIC 254113311","TOI-1130 c","TOI-1130",8.35018980000,2.0200000,1.66800000,2458841.60130000,13.00000000,0.697000,286.3760037,-41.4376399,58.26090000,10.1429000
"TIC 36724087","LTT 3780 b","LTT 3780",0.76837931000,0.7883000,0.10320000,2459606.58098000,1.32500000,0.380000,154.6449033,-11.7178010,21.98140000,10.5848000
"TIC 441420236","AU Mic b","AU Mic",8.46344600000,3.2400000,0.24900000,2458330.35087800,4.79000000,0.862000,311.2911369,-31.3424500,9.72210000,6.7550000
"TIC 115524421","WASP-148 b","WASP-148",8.80380900000,3.0160000,0.83600000,2457957.48760000,8.47398941,0.912000,254.1305022,44.3025361,246.35300000,11.5906000
"TIC 33595516","TOI-849 b","TOI-849",0.76554800000,1.5700000,0.14100000,2458871.68120000,3.64000000,0.970000,28.7157956,-29.4217086,225.73400000,11.5485000
"TIC 150428135","TOI-700 b","TOI-700",9.97721900000,2.1700000,0.04598525,2458880.09930000,0.91400000,0.421000,97.0957165,-65.5786149,31.12650000,10.9102000
"TIC 22221375","HD 86226 c","HD 86226",3.98442000000,3.1200000,0.04450000,2458543.25390000,2.16000000,1.053000,149.1235154,-24.0991859,45.68300000,7.3635000
"TIC 183985250","LTT 9779 b","LTT 9779",0.79205200000,0.3656119,0.15617799,2458354.21430000,4.72000000,0.949000,358.6688767,-37.6282237,80.43730000,9.1031000
"TIC 193641523","TOI-824 b","TOI-824",1.39297800000,1.1534400,0.14900000,2458639.60354000,2.92600000,0.695000,222.1654705,-57.5888666,63.92620000,10.0732000
"TIC 94986319","TOI-421 b","TOI-421",5.19757600000,1.0900000,0.04374376,2459189.73410000,2.64000000,0.866000,81.8532824,-14.2767404,74.79690000,9.2711000
"TIC 452866790","GJ 3473 b","GJ 3473",1.19800350000,0.9500000,0.11503177,2458492.20408000,1.26400000,0.364000,120.5936065,3.3371629,27.36440000,11.1972000
"TIC 306996324","TOI-776 b","TOI-776",8.24662000000,2.3820000,0.09090000,2459288.87130000,1.79800000,0.547000,178.5779970,-37.5533568,27.17010000,9.7359700
"TIC 377064495","TOI-561 b","TOI-561",0.44656970000,1.3080000,0.02940000,2459317.75002000,1.39700000,0.843000,148.1851516,6.2161030,85.79900000,9.5273000
"TIC 257605131","TOI-451 b","TOI-451",1.85870330000,2.0590000,0.03960000,2460312.44270000,1.84000000,0.850000,62.9663850,-37.9397300,123.73900000,10.2666000
"TIC 257605131","TOI-451 c","TOI-451",9.19246300000,3.4610000,0.10480000,2460314.63760000,2.93000000,0.850000,62.9663850,-37.9397300,123.73900000,10.2666000
"TIC 251848941","TOI-178 b","TOI-178",1.91456010000,1.6920000,0.02766000,2458931.17930000,1.20000000,0.662000,7.3020115,-30.4541159,62.69900000,10.4200000
"TIC 251848941","TOI-178 c","TOI-178",3.23848600000,1.9500000,0.05908000,2458356.10751200,1.75400000,0.662000,7.3020115,-30.4541159,62.69900000,10.4200000
"TIC 251848941","TOI-178 d","TOI-178",6.55756900000,2.3460000,0.13964000,2458747.14623000,2.69500000,0.662000,7.3020115,-30.4541159,62.69900000,10.4200000
"TIC 251848941","TOI-178 e","TOI-178",9.96318000000,2.5010000,0.10181000,2458751.46580000,2.30100000,0.662000,7.3020115,-30.4541159,62.69900000,10.4200000
"TIC 390651552","GJ 486 b","GJ 486",1.46712127000,1.0158000,0.13871000,2459939.07160200,1.28900000,0.324300,191.9815310,9.7494181,8.07426000,8.8223000
"TIC 396562848","LHS 1478 b","LHS 1478",1.94953780000,0.7050000,0.20892444,2458786.75425000,1.24200000,0.246000,44.3388743,76.5514045,18.22760000,11.0548000
"TIC 158588995","TOI-674 b","TOI-674",1.97714300000,1.1104153,1.38773060,2458641.40455200,5.25000000,0.420000,164.5865592,-36.8581092,46.08510000,11.8764000
"TIC 28900646","TOI-1685 b","TOI-1685",0.66913923000,0.9040000,0.12543712,2458816.22570000,1.42100000,0.462000,68.5939529,43.0370395,37.61530000,11.1117000
"TIC 180695581","TOI-1807 b","TOI-1807",0.54937097000,0.9772115,0.03700000,2458899.34500000,1.49681583,0.746000,201.2826259,38.9223671,42.57750000,9.0363000
"TIC 31374837","TOI-431 b","TOI-431",0.49004700000,1.0123328,0.02910400,2458627.53800000,1.28000000,0.731000,83.2692502,-26.7238698,32.56860000,8.1705000
"TIC 453211454","HD 63935 b","HD 63935",9.05880700000,3.7026559,0.08750000,2458494.44674000,2.91575244,0.959800,117.9246417,9.3852412,48.97390000,7.9259000
"TIC 34068865","GJ 367 b","GJ 367",0.32192260000,0.6290000,0.02120000,2458543.81414000,0.73600000,0.457000,146.1214640,-45.7790165,9.41263000,8.0319410
"TIC 44737596","HATS-75 b","HATS-75",2.78865560000,1.9125600,2.63399058,2458611.05487000,9.90873894,0.584800,60.9493919,-25.4089214,194.96400000,13.8231000
"TIC 98796344","LTT 1445 A c","LTT 1445 A",3.12390350000,0.4820000,0.15700000,2458412.58159000,1.14700000,0.265000,45.4624781,-16.5944956,6.86929000,8.8429400
"TIC 134200185","TOI-500 b","TOI-500",0.54817700000,0.9980000,0.02487000,2458468.39050000,1.16600000,0.678000,106.5590980,-47.5878156,47.39240000,9.4022000
"TIC 351601843","TOI-1075 b","TOI-1075",0.60473280000,1.0702171,0.10276833,2458654.25100000,1.79100000,0.581000,309.9712091,-65.4496994,61.45920000,11.1186000
"TIC 235683377","TOI-1442 b","TOI-1442",0.40906770000,0.6165726,0.12812295,2458683.45230000,1.17000000,0.310000,287.2921006,74.1742762,41.16590000,12.4934000
"TIC 232568235","TOI-2260 b","TOI-2260",0.35247280000,0.5780000,0.03050000,2458928.23900000,1.62000000,0.940000,247.6669998,49.0467891,101.25100000,9.7587400
"TIC 439867639","TOI-2445 b","TOI-2445",0.37112810000,0.4918187,0.23226218,2459144.56970000,1.25000000,0.270000,43.3161555,0.0523366,48.58200000,13.1292000
"TIC 188589164","GJ 3929 b","GJ 3929",2.61623500000,1.1900000,0.11206014,2458956.39620000,1.09000000,0.320000,239.5775678,35.4081141,15.80950000,10.2705000
"TIC 157910432","WASP-189 b","WASP-189",2.72403300000,4.3336000,,2458926.54169600,18.14733975,2.360000,225.6867320,-3.0314874,99.73100000,6.4157000
"TIC 307809773","HD 260655 b","HD 260655",2.76953000000,1.1500000,0.07120000,2459497.91020000,1.24000000,0.439000,99.2915429,17.5662696,10.00550000,7.8986300
"TIC 307809773","HD 260655 c","HD 260655",5.70588000000,0.9800000,0.08210000,2459490.36460000,1.53300000,0.439000,99.2915429,17.5662696,10.00550000,7.8986300
"TIC 155867025","TOI-3714 b","TOI-3714",2.15484900000,1.6600000,4.95521823,2458840.50930000,11.32107051,0.510000,69.5523415,39.4580035,112.71000000,13.1751000
"TIC 262530407","GJ 3090 b","GJ 3090",2.85310198000,1.2810000,0.15471069,2458356.15322000,2.18000000,0.516000,20.4384281,-46.7147234,22.47510000,9.4927500
"TIC 76923707","TOI-181 b","TOI-181",4.53200000000,1.9900000,0.73000000,2458358.12000000,6.95590000,0.745000,352.1725409,-34.4914099,96.23380000,10.4654000
"TIC 277634430","TOI-771 b","TOI-771",2.32601550000,0.9600000,0.32797891,2458572.41910000,1.36000000,0.232000,164.1138903,-72.9851736,25.27880000,12.0874000
"TIC 440887364","TOI-836.01","TOI-836",8.59545000000,2.4860000,0.11400000,2458599.76230000,2.58700000,0.665000,225.0798831,-24.4542022,27.50240000,8.6486000
"TIC 440887364","TOI-836 b","TOI-836",3.81673000000,1.8050000,0.05800000,2458599.99530000,1.70400000,0.665000,225.0798831,-24.4542022,27.50240000,8.6486000
"TIC 142276270","TOI-1136 c","TOI-1136",6.25740000000,3.4880319,0.08130000,2460366.02651400,2.87900000,0.968000,192.1848981,64.8552755,84.53620000,8.9361000
"TIC 232967440","TOI-1173 b","TOI-1173",7.06466000000,2.5860000,0.82680000,2458702.84440000,9.19000000,0.934000,197.6830975,70.7680117,132.35300000,10.2938000
"TIC 158025009","TOI-1416 b","TOI-1416",1.06975680000,1.5000000,0.04550000,2458739.46210000,1.62000000,0.793000,216.9234892,41.9529862,55.01350000,9.0739000
"TIC 321857016","TOI-1420 b","TOI-1420",6.95610630000,3.3720000,1.39600000,2459517.43305000,11.89000000,0.923000,322.9418092,66.3490054,201.91800000,11.2287000
"TIC 243185500","TOI-1468 b","TOI-1468",1.88052010000,1.0900000,0.11980000,2458765.67755000,1.40100000,0.371400,16.6538724,19.2249195,24.73990000,10.8858000
"TIC 470127886","TOI-2031 A b","TOI-2031 A",5.71548654000,4.0270000,1.10100000,2459806.02913500,14.20177855,1.241000,331.1178077,81.5659509,276.10500000,10.7609000
"TIC 9828416","TOI-2114 b","TOI-2114",6.20995900000,4.5150000,0.40900000,2460476.65570000,14.54925695,1.970000,261.0963946,33.2050726,317.84500000,9.8251000
"TIC 75878355","TOI-2134 b","TOI-2134",9.22919800000,2.9950000,0.16060000,2459010.68937000,2.73500000,0.709000,271.9355015,39.0729269,22.62020000,7.7945000
"TIC 439366538","TOI-2374 b","TOI-2374",4.31361930000,1.8920000,0.93300000,2460069.26439000,7.48759911,0.711000,319.4982407,-22.0498228,134.65500000,11.2057000
"TIC 258804746","TOI-2431 b","TOI-2431",0.22419578000,0.2920000,0.05400000,2460258.86855000,1.53400000,0.651000,37.7652989,8.3816255,36.05590000,9.5209000
"TIC 243641947","TOI-3235 b","TOI-3235",2.59261842000,1.4800000,7.82100000,2459690.00173000,11.39953337,0.369700,207.4738488,-46.0665139,72.81100000,13.2486000
"TIC 445751830","TOI-3757 b","TOI-3757",3.43875300000,1.9200000,3.29144087,2458838.77148000,12.00000000,0.620000,91.0036423,55.0199793,181.13900000,13.1858000
"TIC 86263325","TOI-3884 b","TOI-3884",4.54458280000,1.6000000,3.55986327,2459556.51669000,6.43000000,0.302000,181.5718341,12.5070258,43.14480000,12.9113000
"TIC 20182780","TOI-3984 A b","TOI-3984 A",4.35332600000,2.0100000,2.17400000,2459715.02268000,7.90000000,0.470000,226.3371468,36.7869747,108.88300000,13.4609000
"TIC 352682207","TOI-4010 c","TOI-4010",5.41465400000,2.7700000,0.49830756,2459000.05230000,5.93000000,0.830000,20.2148196,66.0722009,177.50400000,11.5163000
"TIC 352682207","TOI-4010 b","TOI-4010",1.34833500000,1.7700000,0.12063536,2459007.54900000,3.02000000,0.830000,20.2148196,66.0722009,177.50400000,11.5163000
"TIC 298297931","TOI-4492 b","TOI-4492",4.43318240000,3.9520000,0.91660000,2460555.31972000,11.78063872,1.222000,308.6508000,29.2381016,143.18400000,9.6310500
"TIC 333657795","HD 20329 b","HD 20329",0.92611800000,1.2600000,0.02210000,2459472.14321000,1.72000000,1.130000,49.1781240,15.6563542,63.67960000,8.1359000
"TIC 419411415","TOI-5205 b","TOI-5205",1.63075700000,1.4000000,6.80500000,2459443.47179000,11.60000000,0.394000,313.7706819,24.3609770,86.44930000,13.6136000
"TIC 137686948","Kepler-167 c","Kepler-167",7.40610600000,2.8826000,0.04187000,2455552.15797000,1.67400000,0.749000,292.6585253,38.3455558,341.90800000,13.3685000
"TIC 250111245","TOI-5293 A b","TOI-5293 A",2.93028900000,1.9400000,5.08300000,2459448.91480000,11.90000000,0.520000,355.8286820,-2.0450945,162.22900000,13.9766000
"TIC 283621618","TOI-5806 b","TOI-5806",3.18563810000,2.0160000,0.47500000,2459850.81238000,15.13212395,1.387000,329.1018029,20.6779808,119.19900000,8.2942000
"TIC 142276270","TOI-1136 b","TOI-1136",4.17270000000,2.0700000,,2458684.70000000,1.90000000,0.968000,192.1848981,64.8552755,84.53620000,8.9361000
"TIC 350293646","WASP-84 c","WASP-84",1.44688490000,1.1110000,0.05320000,2457952.45430000,1.95000000,0.768000,131.1069959,1.8598933,100.58800000,10.0471000
"TIC 384984325","TOI-6109 c","TOI-6109",8.53887800000,2.3370000,0.17300000,2458798.06570000,4.83260000,1.021000,50.1319206,42.6069564,151.73800000,10.3622000
"TIC 261135533","TOI-6255 b","TOI-6255",0.23818244000,0.4763536,0.04939764,2458738.71248000,1.07900000,0.370000,331.5031606,39.2988284,20.31670000,10.4458000
"TIC 49043968","WASP-193 b","WASP-193",6.24634750000,4.2559000,1.24800000,2459243.31080000,14.78464554,1.213000,164.3491401,-29.9971229,362.08700000,11.6337000
"TIC 181804752","LP 791-18 d","LP 791-18",2.75485000000,0.9152000,,2458546.37888000,1.03200000,0.182000,165.6904843,-16.4064445,26.49270000,13.5571000
"TIC 372207328","TOI-6324 b","TOI-6324",0.27922100000,0.4090000,0.07790000,2458739.97928000,1.05900000,0.293000,330.8445430,67.4986773,20.54880000,10.9700000
"TIC 290348383","HD 207496 b","HD 207496",6.44100800000,1.7620000,0.09140000,2458658.78978000,2.25000000,0.769000,328.7181708,-77.3388025,23.60600000,7.3661000
"TIC 384984325","TOI-6109 b","TOI-6109",5.69047600000,1.1070000,0.14700000,2458791.05380000,4.87040000,1.021000,50.1319206,42.6069564,151.73800000,10.3622000
"TIC 239332587","GJ 806 b","GJ 806",0.92632370000,0.9300000,0.09520000,2459445.57371000,1.33100000,0.414400,311.2697002,44.5002351,12.04450000,8.7276200
"TIC 347332255","HD 110067 b","HD 110067",9.11367800000,3.0948000,,2459640.15797000,2.20000000,0.788000,189.8392243,20.0273377,32.15850000,7.6621000
"TIC 359271092","GJ 341 b","GJ 341",7.57686000000,2.2300000,0.02890000,2459301.77100000,0.88000000,0.506600,140.3993759,-60.2811692,10.45400000,7.6687400
"TIC 56658270","IRAS 04125+2902 b","IRAS 04125+2902",8.83497800000,5.9950000,0.61322553,2458821.82510000,10.73820351,1.450000,63.9283394,29.1665420,159.24400000,12.8131000
"TIC 372048733","TOI-7169 b","TOI-7169",3.43731250000,4.0517000,1.02300000,2460560.15083000,16.53324653,1.500000,351.0546897,36.8175661,467.15100000,11.9080000
"TIC 18885659","TOI-7189 b","TOI-7189",2.89055000000,2.0330000,3.61050000,2460503.94932000,10.90000000,0.591000,273.0378977,2.1882623,192.09000000,13.8273000
"TIC 466376085","BD+05 4868 A b","BD+05 4868 A",1.27186900000,,1.40000000,2460556.28920000,,0.690000,326.8614036,6.6053185,43.56870000,9.1886000
"TIC 165598669","TOI-7393 b","TOI-7393",3.33708000000,1.7390000,3.15346213,2460369.40819000,11.30000000,0.582000,227.3598373,55.9810558,189.03800000,13.4832000
"TIC 27491137","TOI-2076 e","TOI-2076",3.02237530000,2.1600000,,2458740.21306000,1.30100000,0.758000,217.3920159,39.7903991,41.90910000,8.3745000
"TIC 166184428","TOI-4336 A c","TOI-4336 A",7.58726600000,1.7400000,0.13100000,2459333.29310000,1.25100000,0.326000,206.1070129,-40.3373505,22.54550000,11.0196000
"TIC 405717754","Kepler-12 b","Kepler-12",4.43796290000,4.6981300,1.67211000,2455004.00915000,19.66058600,1.483000,286.2434458,50.0403671,881.38600000,12.9614000
"TIC 273231214","KOI-94 b","KOI-94",3.74320800000,3.6888000,0.01263000,2454964.61750000,1.71000000,1.520000,297.3330716,41.8911186,477.05200000,11.7889000
"TIC 137686948","Kepler-167 b","Kepler-167",4.39315390000,2.4455000,0.04407000,2455831.78065000,1.71800000,0.749000,292.6585253,38.3455558,341.90800000,13.3685000
"TIC 49040478","K2-33 b","K2-33",5.42486500000,4.0800000,0.30180000,2456898.69288000,5.04000000,1.050000,242.5613635,-19.3193831,139.26800000,12.9895000
"TIC 28230919","HAT-P-11 b","HAT-P-11",4.88800000000,2.3556200,0.43421000,2454957.81320670,4.36000000,0.683000,297.7101763,48.0818635,37.76470000,8.5077000
"TIC 301288279","K2-414 c","K2-414",6.66900000000,,,2457740.25630000,1.92870000,0.732000,351.6361913,-4.6066569,260.03600000,13.2051000
"TIC 25958378","K2-86 b","K2-86",8.77683000000,2.7500000,0.08650000,2457070.01730000,1.96000000,0.760000,51.5531053,18.6355718,258.69900000,12.2517000
"TIC 17409453","K2-87 b","K2-87",9.72661800000,4.5600000,0.26920000,2457072.30232000,7.60000000,1.401000,66.2363638,18.8273617,491.24200000,12.9285000
"TIC 394172596","Kepler-444 c","Kepler-444",4.54588410000,1.7367000,0.00440000,2454964.52200000,0.49700000,0.752000,289.7528323,41.6318840,36.43960000,8.1115000
"TIC 275490034","Kepler-1173 b","Kepler-1173",0.76985360000,1.0276000,0.01096000,2454965.52142000,0.89000000,0.820000,293.1311803,45.6634153,377.06000000,13.2177000
"TIC 119292328","TOI-512 b","TOI-512",7.18886000000,3.3100000,0.02460000,2458471.21200000,1.54000000,0.890000,96.6467023,-38.6072095,67.39750000,8.9767000
"TIC 159217436","Kepler-207 d","Kepler-207",5.86807500000,3.9700000,0.04356000,2455003.32243000,3.31000000,1.588000,290.0305195,42.1660555,875.51900000,12.7362000
"TIC 404340025","WASP-108 b","WASP-108",2.67555212374,3.2277336,1.43409909,2456413.79490000,15.13212395,1.344150,195.8281644,-49.6397727,258.77700000,10.7036000
"TIC 97825640","TOI-2989 b","TOI-2989",3.12283200000,2.6800000,2.80600000,2459302.22420000,12.55405838,0.760000,171.2316754,-27.0623619,195.79500000,12.7103000
"TIC 34077285","TOI-880 c","TOI-880",6.38727030000,2.3430000,0.35100000,2459403.67511000,4.95000000,0.830000,94.1644734,-13.9873370,60.66790000,9.2563000
"TIC 394172596","Kepler-444 f","Kepler-444",9.74048600000,1.6909000,0.00756000,2454967.87910000,0.74100000,0.752000,289.7528323,41.6318840,36.43960000,8.1115000
"TIC 27914389","Kepler-524 b","Kepler-524",7.97419807000,5.3605000,0.02931000,2455007.52833000,1.91000000,1.100000,296.8591787,49.1620125,1058.24000000,13.4203000
"TIC 273383120","Kepler-115 b","Kepler-115",2.40367900000,1.3060000,0.00749000,2454967.72847000,1.09000000,1.205000,297.7119299,45.2619850,623.60900000,12.9485000
"TIC 164882482","Kepler-1130 c","Kepler-1130",3.26663994800,2.0589000,0.00570000,2454969.08707000,0.79239584,0.842000,285.2074210,45.3843330,249.34300000,11.8799000
"TIC 73448352","HAT-P-47 b","HAT-P-47",4.73217441000,2.5890000,0.81210000,2458387.36996000,14.71739166,1.515000,38.3080745,30.3604530,282.09600000,10.1868000
"TIC 212253390","TOI-2211.01","TOI-2211",3.09268675700,2.0586000,0.02726778,2459038.10320000,1.56100000,0.834000,308.5390859,-29.6726127,70.29320000,9.2551000
"TIC 399860218","Kepler-124 b","Kepler-124",3.41049300000,2.3890000,0.01362000,2454964.57549000,0.73000000,0.636000,286.7527322,49.0648788,420.04600000,13.5711000
"TIC 39200363","TOI-2133 b","TOI-2133",3.82664720000,2.1130000,0.11818154,2458985.88310000,2.37000000,0.620000,261.2438308,32.7983974,75.19730000,10.8571000
"TIC 179012583","WASP-157 b","WASP-157",3.95162300000,1.8530000,0.76280000,2457222.23863000,11.19000000,1.100000,201.6551525,-8.3176353,334.03700000,11.7283000
"TIC 336691874","TOI-5322 b","TOI-5322",5.42332070000,5.1110000,1.08600000,2460035.27909000,16.61170940,1.462000,6.5293373,14.3364283,476.89900000,12.0075000
"TIC 120578688","Kepler-1939 b","Kepler-1939",2.79065990400,0.6620000,0.02239000,2454966.15339000,1.16480773,0.603000,285.6899312,40.9946659,189.83300000,12.6441000
"TIC 117642575","TIC 117642575 b","TIC 117642575",4.94459060181,3.5188411,,2458378.78884409,2.82716337,1.081020,9.4800698,-37.0662905,188.75800000,10.4182000
"TIC 27394293","Kepler-142 b","Kepler-142",2.02415200000,2.4890000,0.02394000,2455003.49468000,1.99000000,1.269000,295.1190067,48.4813635,548.68600000,12.7501000
"TIC 272278272","Kepler-1336 c","Kepler-1336",5.77721211000,2.4230000,0.01343000,2454970.16681000,1.71000000,1.300000,296.2776587,46.8998006,1126.64000000,13.5344000
"TIC 352011875","Kepler-91 b","Kepler-91",6.24658000000,11.2610000,0.03968000,2454969.39580000,15.32270300,6.300000,285.6729033,44.1167513,1294.69000000,11.7971000
"TIC 70803960","K2-290 b","K2-290",9.21165000000,4.9600000,,2457994.77250000,3.06000000,1.511000,234.8578846,-20.1988975,272.90900000,10.3985000
"TIC 27776660","Kepler-1061 b","Kepler-1061",2.75798266600,2.2906000,0.02208000,2454964.87883000,1.98000000,1.070000,296.2300306,50.2752091,543.37500000,12.8066000
"TIC 53189332","WASP-106 b","WASP-106",9.28969000000,5.3340000,0.62040000,2457977.97960000,12.10569916,1.470000,166.4296276,-5.0794854,352.18100000,10.9900000
"TIC 351910733","Kepler-1067 b","Kepler-1067",0.76212926100,1.0760000,0.00712000,2454964.62001000,0.80000000,0.930000,285.3873706,45.0490265,667.69300000,13.7729000
"TIC 104986789","TOI-2578 b","TOI-2578",3.45796670000,2.6230000,1.15116467,2459911.48030000,19.66055215,1.640000,68.0521023,52.2526547,285.53000000,10.5863000
"TIC 26054627","TOI-5349 b","TOI-5349",3.31792100000,1.9500000,2.50100000,2459521.81840000,10.20000000,0.580000,52.7125703,20.8796279,188.33600000,13.8117000
"TIC 274020852","Kepler-1039 b","Kepler-1039",0.93488424200,1.4174000,0.02826000,2454964.58185100,1.46000000,0.740000,298.3266169,45.3154212,306.91000000,13.4007000
"TIC 354469661","HAT-P-60 b","HAT-P-60",4.79478130000,5.0350000,0.68640000,2458360.94029000,18.28184752,2.197000,28.2825719,52.0539209,233.22000000,9.1792500
"TIC 257429687","K2-385 b","K2-385",2.38086700000,1.9200000,0.05060000,2457393.45440000,1.53900000,0.761000,12.6140752,5.8712567,420.81900000,13.7196000
"TIC 158169713","Kepler-1358 b","Kepler-1358",7.06317341000,2.2610000,0.01988000,2454965.53077000,1.12000000,0.790000,286.1705469,43.0089000,546.99800000,13.9852000
"TIC 399954349","Kepler-411 b","Kepler-411",3.00515600000,1.9686000,0.06900000,2455135.38740000,2.40100000,0.820000,287.6057027,49.5233937,153.67600000,11.6052000
"TIC 390021939","TOI-4030 b","TOI-4030",2.50900199461,2.6675173,0.29700000,2459683.99557819,5.84625590,0.991737,277.6228367,56.7704522,571.61500000,13.2338000
"TIC 147950620","TOI-1194 b","TOI-1194",2.31064460000,1.6276453,0.67170000,2458684.92352000,8.71664516,0.960800,167.8214811,69.9647749,149.66700000,10.4782000
"TIC 168281028","HATS-38 b","HATS-38",4.37502100000,3.2160000,0.32709829,2457725.16042000,6.88232600,1.105000,154.2710615,-25.2762982,343.52500000,11.8134000
"TIC 178172313","TIC 178172313 b","TIC 178172313",4.37318161360,2.1515060,,2458405.95505158,2.80405322,0.843450,43.4062672,-32.0770480,178.13700000,11.2523000
"TIC 393633044","TOI-4029 b","TOI-4029",5.88498234631,3.9572737,0.30300000,2458981.90779801,6.73756618,1.178340,239.2337189,16.9802854,274.43600000,11.1718000
"TIC 270956861","Kepler-326 b","Kepler-326",2.24832900000,2.0710000,0.02632000,2454966.42421000,1.52000000,0.801000,294.3255898,46.0022646,487.67500000,13.0846000
"TIC 162802770","TOI-2641 b","TOI-2641",4.88097400000,1.6800000,0.33855527,2459332.21332000,18.10250383,1.336000,171.1303716,-42.7321394,344.04500000,11.1897000
"TIC 434398831","TIC 434398831 c","TIC 434398831",6.21029100000,3.0400000,,2458470.62390000,5.63000000,0.909000,93.9592639,16.0238459,217.01100000,11.3110000
"TIC 428699140","TOI-3082 b","TOI-3082",1.92690700000,1.7631790,0.22600000,2459309.11990000,3.66210000,0.684700,195.9080719,-19.2189845,113.04800000,11.7662000
"TIC 272282253","Kepler-1037 b","Kepler-1037",1.06378867300,1.0764000,0.02658000,2454964.52473500,1.28000000,0.780000,296.3410342,47.1709335,446.91400000,13.6376000
"TIC 343628284","TOI-1448 b","TOI-1448",8.11224500000,3.1278520,0.47230724,2458713.33750000,2.74900000,0.380000,316.3240030,57.7710946,73.33450000,13.1717000
"TIC 294329732","TIC 294329732 b","TIC 294329732",9.75658761810,3.2516091,,2459336.13943753,2.07692266,0.920172,109.1177907,-58.2371507,189.33300000,11.3468000
"TIC 274367763","TOI-3474 b","TOI-3474",3.87951050000,3.7990000,1.14800000,2459789.28867000,14.67255574,1.256000,233.5033482,-47.9636597,420.12300000,11.9672000
"TIC 378086008","Kepler-825 c","Kepler-825",8.18182460000,2.4596000,0.02996000,2454967.81479000,1.84000000,1.080000,294.7698250,39.3984081,807.85000000,13.7194000
"TIC 104024556","WASP-167 b","WASP-167",2.02195960000,2.7240000,0.82000000,2456592.46430000,17.71022000,1.790000,196.0437932,-35.5495292,423.55200000,10.3182000
"TIC 106352250","CoRoT-28 b","CoRoT-28",5.20851000000,5.7000000,,2455755.84660000,10.70459500,1.780000,278.6883216,5.5736911,766.18300000,12.6710000
"TIC 158789380","Kepler-190 b","Kepler-190",2.01999900000,1.8210000,0.03417000,2455003.06945000,1.56000000,0.795000,288.5839761,44.7337701,433.38700000,13.5519000
"TIC 1309019","NGTS-17 b","NGTS-17",3.24253000000,3.3910000,0.80330221,2458442.52190000,13.89913607,1.337000,72.9005729,-34.2262128,1040.28000000,13.7671000
"TIC 198190129","TIC 198190129 b","TIC 198190129",7.94804910667,2.5882759,,2459789.40196039,2.92284949,0.640675,246.3322839,60.3771414,130.03500000,12.4441000
"TIC 120103486","Kepler-1933 b","Kepler-1933",4.94329023400,2.9334000,0.01262000,2454968.57568000,1.17984089,1.008000,283.9950850,39.9170121,328.00700000,12.2136000
"TIC 148673433","TOI-5704 b","TOI-5704",3.77111600000,2.3375061,0.16476730,2459610.75680000,3.22740000,0.757500,169.8248694,44.9890782,89.63700000,10.6147000
"TIC 59843967","HATS-4 b","HATS-4",2.51672900000,2.5272000,1.64065457,2455808.34095000,11.43300000,0.925000,94.1120914,-22.5468824,416.45900000,12.7632000
"TIC 198390247","TOI-1453 b","TOI-1453",4.31352250000,1.9980000,0.02740000,2459392.90013000,1.17300000,0.720000,258.2232705,57.1977779,78.74150000,10.1426000
"TIC 121124617","Kepler-1898 b","Kepler-1898",4.76562023200,2.1650000,0.00675000,2454966.50380000,0.93353523,1.125000,287.2058009,38.4981903,360.92100000,12.6832000
"TIC 164781116","Kepler-1274 b","Kepler-1274",6.98152703000,5.8960000,0.00374000,2454965.76973000,1.42000000,2.170000,284.5936858,46.4497364,614.64800000,11.3006000
"TIC 203214081","G 9-40 b","G 9-40",5.74599820000,1.6930000,0.36500000,2459503.32682000,1.90000000,0.302600,134.7188514,21.0747961,27.92760000,11.5219000
"TIC 2621212","K2-199 c","K2-199",7.37448970000,2.4520000,0.17390000,2457222.93034000,2.85000000,0.682000,208.9014508,-6.1360833,107.51800000,11.2309000
"TIC 161687211","TOI-7394 B b","TOI-7394 B",1.25299500000,1.2590000,3.18528076,2460556.90137000,11.50000000,0.609000,236.0551933,58.5527617,189.98600000,13.7088000
"TIC 331484427","TOI-5811 B b","TOI-5811 B",6.25663000000,4.8500000,,2460549.42200000,21.96960217,3.730000,310.9101344,19.7291680,170.13500000,8.3076200
"TIC 148960849","TOI-5614 b","TOI-5614",4.17221328949,2.5105996,0.19800000,2459428.49471579,3.21759316,0.734919,189.4323154,69.4584273,223.01600000,13.0076000
"TIC 158554588","Kepler-20 b","Kepler-20",3.69610490000,2.4630000,0.03967000,2454967.50225000,1.77300000,0.916400,287.6979913,42.3385782,282.56300000,11.9623000
"TIC 391880567","CoRoT-8 b","CoRoT-8",6.21229000000,2.7400000,0.65100000,2454238.97430000,6.39000000,0.770000,291.5885696,1.4262972,322.03700000,13.4202000
"TIC 18310799","K2-136 b","K2-136",7.97525000000,2.6700000,,2458679.08300000,1.01400000,0.677000,67.4128615,22.8825674,59.24740000,10.1192000
"TIC 261136679","pi Men c","HD 39091",6.26783990000,2.9520240,0.02675900,2458425.78920400,2.01890000,1.170000,84.2992798,-80.4646041,18.27020000,5.1054000
"TIC 260004324","LHS 1815 b","LHS 1815",3.81433400000,1.4870003,0.04608505,2458327.41610000,1.08800000,0.501000,91.0899861,-55.3115376,29.84240000,10.1428000
"TIC 166527623","HIP 67522 b","HIP 67522",6.95947310000,4.8500000,0.42100000,2458604.02376000,9.98720180,1.380000,207.5260010,-40.8358961,127.28000000,9.1871000
"TIC 299799658","TOI-1062 b","TOI-1062",4.11296000000,1.0584261,0.05389646,2459082.59000000,2.26500000,0.840000,38.1209678,-78.0236828,82.17330000,9.4780000
"TIC 392476080","TOI-2109 b","TOI-2109",0.67247414000,1.8010000,0.66510000,2459378.45937000,15.09849700,1.698000,253.1862971,16.5799153,262.04100000,9.7856900
"TIC 394561119","TOI-1107 b","TOI-1107",4.07823870000,4.9104136,0.66676920,2459385.01230000,14.57167491,1.810000,155.6078632,-82.2188693,281.31400000,10.0068000
"TIC 305424003","TOI-907.01","TOI-907",4.58491290000,5.2493974,0.21010683,2460846.15200500,9.61588510,2.059789,262.1834072,-62.8403830,312.52900000,9.9444000
"TIC 369327947","LHS 475 b","LHS 475",2.02908800000,0.7250000,0.11010000,2459822.37625930,0.99100000,0.278900,290.2379403,-82.5597883,12.48140000,10.1508000
"TIC 406941612","TOI-912 b","TOI-912",4.67806910000,1.7000000,0.18356055,2458628.40610000,1.93000000,0.419000,229.3285665,-80.4733446,26.10720000,10.4904000
"TIC 391903064","TOI-3353.01","TOI-3353",4.66579650000,3.0411764,0.05137476,2460846.02660200,2.66675550,1.020700,106.5298146,-75.8195594,78.75770000,8.7843000
"TIC 46432937","TIC 46432937 b","TIC 46432937",1.44044527000,1.1950000,4.71516469,2459952.28894000,13.31626907,0.529900,83.8689794,-14.5971909,90.53690000,12.3718000
"TIC 237158650","Kepler-546 b","Kepler-546",4.14702025800,2.8969000,0.36807000,2455003.32606600,7.00000000,1.150000,283.2575730,40.9904095,1019.65000000,13.7592000
"TIC 169556484","Kepler-433 b","Kepler-433",5.33408384000,6.1780000,0.51061000,2454964.98152000,16.25000000,2.260000,297.5936232,40.9772546,1878.31000000,13.9271000
"TIC 164460347","Kepler-1157 b","Kepler-1157",4.45743164000,2.3577000,0.01757000,2454965.16009000,1.09000000,0.710000,283.1209268,43.5255701,342.14400000,13.6820000
"TIC 123231081","Kepler-431 b","Kepler-431",6.80300000000,4.6080000,0.00327000,2454971.04780000,0.76400000,1.092000,281.1123072,43.2277663,486.54600000,11.5319000
"TIC 8967242","TOI-1799 b","TOI-1799",7.09457086500,2.5704000,0.02842381,2458904.81760000,1.64200000,0.957000,167.2329152,34.3030149,62.12740000,8.3662000
"TIC 61098812","WASP-54 b","WASP-54",3.69364000000,4.4661850,0.86000000,2459163.93328000,17.71022000,1.760000,205.4542456,-0.1281712,251.30300000,9.8722900
"TIC 98591691","K2-250 b","K2-250",4.01392000000,2.3664000,0.09700000,2457620.25350000,2.71257333,0.797000,185.0315429,-8.9757427,414.70800000,13.3793000
"TIC 345143460","TOI-1533 c","TOI-1533",8.06379260000,1.2200000,0.23010000,2459853.88720000,7.50000000,0.849000,355.2467209,57.4852417,100.05100000,10.1128000
"TIC 125552076","TOI-3856 b","TOI-3856",2.04360352000,1.8250000,1.39700000,2459574.66334000,13.59649359,1.055000,145.2229223,27.9501580,314.44300000,11.6550000
"TIC 239227652","Kepler-755 c","Kepler-755",2.85313364400,1.4352000,0.02771000,2454966.79662000,1.26000000,0.770000,296.8609348,41.0973178,399.03400000,13.4250000
"TIC 200322593","TOI-540 b","TOI-540",1.23914910000,0.4887749,0.23186594,2458411.82601000,0.90300000,0.189500,76.3096949,-47.9375391,14.00220000,11.5045000
"TIC 63283780","Kepler-210 c","Kepler-210",7.97251300000,2.9020000,0.32450000,2455004.58436000,3.62000000,0.650000,292.5034196,43.0832188,232.75000000,13.0702000
"TIC 188624430","TIC 188624430 b","TIC 188624430",6.21860433132,2.2121116,,2459719.66448413,3.64811843,0.786574,258.5566927,53.7060189,300.74300000,12.5046000
"TIC 123408863","Kepler-1174 b","Kepler-1174",6.89225223000,2.4556000,0.02144000,2454965.46430000,1.59000000,1.040000,281.8314296,42.2988910,1408.75000000,13.7214000
"TIC 159579593","Kepler-607 b","Kepler-607",0.63816320400,1.1839000,0.01097000,2454964.74909000,0.87000000,0.800000,291.0571451,44.6323060,519.12200000,13.7946000
"TIC 299218775","Kepler-1082 b","Kepler-1082",1.54320660400,2.6094000,0.00912000,2454964.55588000,1.12000000,1.140000,289.3586737,50.5984489,739.55700000,12.9171000
"TIC 118956453","WASP-170 b","WASP-170",2.34478022000,2.0400000,1.38200000,2457802.39150000,12.28506400,0.938000,135.4163028,-20.7203686,305.60300000,11.9397000
"TIC 468350765","TOI-7155 b","TOI-7155",3.89489711981,2.2083903,0.10710000,2459737.32220814,2.40821473,0.670748,12.4454481,79.2878555,144.75100000,11.8389000
"TIC 367630162","TOI-2104 b","TOI-2104",5.90437045700,2.6272026,0.03510000,2459408.79039182,1.52898127,0.723757,151.6122146,83.0878397,76.74180000,10.0556000
"TIC 233087860","TOI-1184 b","TOI-1184",5.74843380300,1.8879000,0.10410000,2459960.51150000,2.39000000,0.690000,272.2045196,60.6787845,58.59460000,9.9469000
"TIC 44745133","HATS-61 b","HATS-61",7.81795300000,5.5296000,0.36500000,2457673.06110000,13.39475500,1.664000,61.6578005,-25.3496674,679.76100000,12.5757000
"TIC 77156657","WASP-159 b","WASP-159",3.84040100000,5.5872000,0.45300000,2457668.08490000,15.46842000,2.110000,68.1364792,-38.9682973,715.38300000,11.8831000
"TIC 9344899","TIC 9344899 b","TIC 9344899",8.58215660000,4.0000000,0.71000000,2459163.64720000,9.16000000,1.060000,72.7939340,-8.4473205,532.22800000,12.7350000
"TIC 400432230","WASP-194 b","WASP-194",3.18338700000,2.0170000,1.01430000,2457449.05110000,15.47960235,1.409000,295.3877064,56.2178049,476.83100000,11.5787000
"TIC 59128183","TOI-2453 b","TOI-2453",4.44143463188,1.4625240,0.33758183,2459494.61239787,3.24380341,0.502498,74.8374845,12.9363528,81.90430000,12.4223000
"TIC 417047499","TOI-3523 A b","TOI-3523 A",2.30458952000,3.6500000,1.02200000,2460417.45562000,15.97279750,1.448000,304.2834581,42.9065338,645.29400000,12.1042000
"TIC 37348844","NGTS-10 b","NGTS-10",0.76689440000,1.0910000,3.31000000,2460015.08242700,13.89913607,0.700000,91.8722801,-25.5948963,324.69865036,13.6050000
"TIC 63066101","Kepler-406 c","Kepler-406",4.62332000000,3.0364000,0.00620000,2454965.37438000,0.85000000,1.070000,291.8481764,44.9682807,364.03000000,12.0110000
"TIC 348755728","TOI-1883 b","TOI-1883",4.50800000000,1.9510000,1.25229614,2459256.84600000,5.65000000,0.506000,134.0892456,-12.9306438,115.36900000,13.3462000
"TIC 293954617","HD 235088 b","HD 235088",7.43413250000,2.6730000,0.07010000,2458705.64614000,1.98200000,0.772000,300.6154535,53.3774418,41.17060000,8.3879000
"TIC 137151335","Kepler-93 b","Kepler-93",4.72673978000,2.8898000,0.02731000,2454944.29227000,1.47800000,0.919000,291.4181275,38.6723124,95.91150000,9.4087000
"TIC 167714124","NGTS-31 b","NGTS-31",4.16273400000,3.3190000,1.28700000,2459039.16150000,18.04645893,1.700000,80.4212533,-38.6568270,497.37600000,12.8482000
"TIC 272269239","Kepler-1375 b","Kepler-1375",3.30041920000,4.4980000,0.00988000,2454966.56382000,1.74000000,1.780000,296.2935173,43.4032189,1430.84000000,13.2891000
"TIC 120105633","Kepler-1338 b","Kepler-1338",0.93511805700,1.5420000,0.00648000,2454965.19931000,0.92000000,1.050000,284.0422701,41.6990348,753.26000000,13.1175000
"TIC 91051152","WASP-59 b","WASP-59",7.91958500000,2.4480000,1.69000000,2455830.95559000,8.68700000,0.613000,349.6229547,24.8892770,115.93600000,11.5549000
"TIC 393831507","TOI-1820 b","TOI-1820",4.86067400000,2.9200000,0.61400000,2458903.06380000,12.77823800,1.510000,187.6867207,27.4520016,248.50400000,10.5268000
"TIC 332660150","TOI-938 b","TOI-938",8.80733882211,4.4337516,0.17000000,2458445.17796099,4.82401567,0.985134,63.0323442,-12.1188357,215.03400000,10.8479000
"TIC 158626833","Kepler-192 d","Kepler-192",6.47027579000,3.2410000,0.01169000,2454969.50662000,1.02000000,0.940000,287.9179379,45.5928829,651.67400000,13.6013000
"TIC 378086008","Kepler-825 b","Kepler-825",3.77360059000,2.6854000,0.01760000,2454967.06939000,1.53000000,1.080000,294.7698250,39.3984081,807.85000000,13.7194000
"TIC 27913639","Kepler-1150 b","Kepler-1150",2.78786838600,2.0252000,0.02009000,2454966.90434000,1.02000000,0.720000,296.7244553,49.5326846,358.51800000,13.7478000
"TIC 271346561","Kepler-831 b","Kepler-831",5.62153941000,2.3638000,0.01723000,2454969.89050000,1.27000000,0.970000,294.9855607,42.7277355,593.54000000,13.1742000
"TIC 130640162","K2-257 b","K2-257",1.60588000000,1.3000000,0.03400000,2457583.28750000,0.83000000,0.500000,188.2782840,-1.9532879,64.00650000,11.8080000
"TIC 33692729","HIP 29442 d","TOI-469",6.42957500000,3.0800000,,2458472.98650000,1.53800000,0.980000,93.0578446,-14.6493167,68.19200000,8.7615000
"TIC 272172942","Kepler-806 b","Kepler-806",8.09219642000,5.4550000,0.00653000,2454971.04671000,1.14000000,1.160000,296.0071956,44.8535698,361.89600000,11.1508000
"TIC 53498154","TOI-5624 b","TOI-5624",3.39034730000,2.3920000,0.06670000,2459649.12840000,2.31400000,0.820000,180.8443476,49.2512257,101.91300000,10.0326000
"TIC 35021200","K2-158 c","K2-158",5.90279000000,5.0000000,0.01500000,2457583.88280000,1.28000000,0.950000,179.9397081,-5.7216879,197.29900000,11.1171000
"TIC 151759246","TOI-5800 b","TOI-5800",2.62788380000,1.2000000,0.07312083,2459771.71450000,2.46000000,0.773000,305.0655462,-7.4119237,42.90520000,8.6133000
"TIC 124379043","TOI-2803 A b","TOI-2803 A",1.96229325000,3.0910000,1.78100000,2459207.68640000,18.11371281,1.245000,93.1147397,-23.4924956,494.81800000,12.0753000
"TIC 269701147","HD 191939 b","HD 191939",8.88032560000,2.9390000,0.12380000,2459443.54236000,3.41000000,0.940000,302.0256247,66.8503014,53.60890000,8.2929000
"TIC 160045097","TOI-1782.02","TOI-1782",1.82902422700,1.5441000,0.07048494,2459632.81673000,1.83900000,0.669000,213.0787718,74.4117909,95.26490000,11.3069000
"TIC 388104525","WASP-119 b","WASP-119",2.49979000000,3.0240000,1.46212060,2456537.54700000,15.69260000,1.200000,55.9336392,-65.1937800,302.44800000,11.6035000
"TIC 709015","K2-279 b","K2-279",7.12260500000,3.0720000,0.02070000,2457222.13278000,1.21000000,0.860000,204.7792935,-6.0417592,182.98300000,11.1224000
"TIC 360630575","HD 109833 b","HD 109833",9.18852600000,2.4920000,0.04600000,2456437.57374000,2.88800000,1.000000,189.7758591,-74.5740205,79.55610000,8.7215000
"TIC 398275886","K2-147 b","K2-147",0.96193900000,0.9024000,0.05450000,2457343.30907000,1.47286006,0.578000,293.8330329,-28.4984750,90.54940000,12.1427000
"TIC 176868951","K2-131 b","K2-131",0.36930380000,1.0027781,0.07556536,2457582.93600000,1.69000000,0.759500,182.7514040,-9.7652392,152.50900000,11.3328000
"TIC 392681545","TOI-6054.01","TOI-6054",7.50142800000,5.6500000,0.02130000,2458817.90900000,2.64000000,1.662000,56.3370070,60.3509170,79.40700000,7.4961000
"TIC 122597057","Kepler-1937 b","Kepler-1937",9.68859958600,2.0000000,0.06661000,2454964.83350000,3.02291330,1.196000,290.6583922,40.7785383,905.06900000,13.6766000
"TIC 84339983","HAT-P-56 b","HAT-P-56",2.79083000000,2.2599869,1.10000000,2456774.09164000,16.92559000,1.470000,100.8480137,27.2521823,320.63900000,10.5136000
"TIC 123357864","Kepler-102 b","Kepler-102",5.28696500000,2.5910000,0.00430000,2454968.86960000,0.46000000,0.724000,281.4824731,47.2078263,107.79600000,10.8515000
"TIC 159396818","Kepler-915 b","Kepler-915",4.59489604000,2.8530000,0.01090000,2454966.83999000,1.50000000,1.380000,290.5921293,45.7372184,849.03600000,12.8627000
"TIC 151724385","TOI-5795 b","TOI-5795",6.14063250000,3.4070000,0.24694322,2459770.67397000,5.62000000,1.082000,304.8687820,-7.5476595,156.53000000,10.1872000
"TIC 159160230","TOI-5599 b","TOI-5599",5.43691503941,4.5164437,0.10200000,2459627.13284191,7.18882120,1.913340,199.3262375,55.6815392,547.94800000,11.2785000
"TIC 123444694","Kepler-1912 b","Kepler-1912",6.05921983700,1.2680000,0.01582000,2454966.67216000,1.35670508,0.962000,282.1178211,46.2239547,297.01700000,11.7892000
"TIC 355867695","TOI-1260 c","TOI-1260",7.49313400000,1.9700000,0.14210000,2459068.27050500,2.76000000,0.672000,157.1440712,65.8541986,73.59770000,10.8116000
"TIC 59088823","K2-396 b","K2-396",0.67386200000,1.6000000,,2457820.96360000,1.57900000,0.920000,74.6928607,17.2690562,274.86400000,12.2978000
"TIC 169814632","Kepler-1800 b","Kepler-1800",4.56202983900,2.8521000,0.00816000,2454965.64295000,0.99679734,2.506000,297.6513317,40.3524154,350.45500000,12.5401000
"TIC 443607377","TOI-6954 b","TOI-6954",4.02074127419,1.9852161,0.15560000,2459539.99302642,3.63524486,0.947112,168.3240591,-2.7877643,190.04200000,11.4374000
"TIC 14111411","K2-90 c","K2-90",2.90070600000,1.3032000,0.03890000,2457066.74000000,1.30000000,0.634754,59.1527391,22.4724517,134.18800000,12.4067000
"TIC 110999033","K2-247 c","K2-247",6.49424000000,1.7000000,0.11000000,2457588.13690000,2.19000000,0.690000,188.8935189,-10.0692793,258.11300000,13.5498000
"TIC 277869696","K2-322 b","K2-322",8.20500000000,,0.07100000,2457914.02200000,1.92000000,0.602000,156.6226981,4.7640203,123.41500000,12.3882000
"TIC 467331291","TOI-4155 b","TOI-4155",3.32072900000,2.4870000,0.09400000,2459803.93840000,3.21000000,0.950000,325.6362269,77.7343836,240.73700000,11.2473000
"TIC 120689253","Kepler-169 d","Kepler-169",8.34812500000,2.7900000,0.02941000,2454969.84117000,1.25000000,0.763000,285.9999204,40.9193822,406.52900000,13.5624000
"TIC 360742636","HATS-33 b","HATS-33",2.54955510000,2.6760000,1.49214022,2456497.23181000,13.78707000,1.022000,294.6336944,-55.3302692,248.46000000,11.2474000
"TIC 178155732","HR 858 b","HR 858",3.58528700000,2.7050000,0.02137000,2458409.19000000,2.00400000,1.258000,42.9849779,-30.8140609,31.96400000,5.9053000
"TIC 269263219","Kepler-1832 b","Kepler-1832",3.13878989200,1.6594000,0.01741000,2454966.65538000,1.22719556,0.722000,299.8517779,43.7320611,486.17400000,13.7817000
"TIC 362249359","TOI-833 b","TOI-833",1.04187770000,1.2737667,0.04653854,2458597.25600000,1.27000000,0.600000,145.6454720,-62.4758857,41.71480000,10.1461000
"TIC 153919886","TIC 153919886 b","TIC 153919886",2.10510492329,1.5674012,,2458895.78081640,2.70601108,0.591697,171.8440734,68.1810449,132.33000000,12.7637000
"TIC 286201103","TOI-6008 b","TOI-6008",0.85743470000,0.6500000,0.15170000,2460078.01621400,1.03000000,0.242000,310.4487344,49.6468992,23.10080000,12.2936000
"TIC 27843707","Kepler-554 b","Kepler-554",1.90220855600,2.2077300,0.23435000,2455003.44979000,4.29000000,0.920000,296.4068982,51.3581938,690.52500000,13.7737000
"TIC 423610130","K2-413 b","K2-413",0.80940000000,,,2457738.69240000,0.75990000,0.700000,353.4175668,-7.6120272,285.16200000,13.7731000
"TIC 440872576","TOI-3160 A b","TOI-3160 A",3.97128100000,2.9950000,0.87800000,2459609.98510000,13.76462830,1.346000,224.5658555,-27.6825503,567.67800000,11.9333000
"TIC 137155210","Kepler-398 d","Kepler-398",6.83437001000,2.1537000,0.01726000,2454969.86347000,0.88000000,0.670000,291.4688524,40.3437001,177.35500000,12.5199000
"TIC 188768068","HD 158259 b","HD 158259",2.17800000000,2.0980000,0.01100000,2460338.52307100,1.28228000,1.210000,261.3495847,52.7904721,27.04980000,5.8961000
"TIC 158389981","Kepler-1850 b","Kepler-1850",1.38580000400,1.6449000,0.00933000,2454968.48860000,0.72909663,0.600000,287.1428295,43.6161177,250.19900000,13.3448000
"TIC 91555165","TOI-2345 b","TOI-2345",1.05285730000,1.5268551,0.03585076,2459116.72080000,1.50400000,0.729000,43.8847940,-34.9779745,81.65410000,10.3759000
"TIC 35857242","WASP-138 b","WASP-138",3.63443300000,3.7728000,0.68300000,2457326.62183000,12.21781000,1.360000,41.6391598,-0.4641252,414.23400000,11.3161000
"TIC 346667887","TOI-5181 A b","TOI-5181 A",3.89222950000,2.9450000,0.64000000,2460100.73085000,13.34989601,1.530000,280.6774738,21.6998203,480.15500000,11.7242000
"TIC 120103325","Kepler-158 d","Kepler-158",0.64508800000,1.2000000,,2454833.05200000,0.43000000,0.668000,284.0323723,39.7815365,315.17700000,13.7340000
"TIC 411839167","EPIC 246851721 b","EPIC 246851721",6.18023500000,4.1080800,0.46400000,2457865.11032000,11.78065900,1.586000,78.9198197,16.2786991,372.63200000,10.8243000
"TIC 159221689","Kepler-1891 b","Kepler-1891",4.02229023000,0.8605000,0.02344000,2454968.17317000,1.52139156,0.827000,290.0438524,44.3705375,596.24000000,13.7513000
"TIC 273383120","Kepler-115 c","Kepler-115",8.99088900000,4.0830000,0.04697000,2454969.73792000,2.60000000,1.205000,297.7119299,45.2619850,623.60900000,12.9485000
"TIC 389900760","TOI-2120 b","TOI-2120",5.79981640000,1.0143740,0.85673390,2458795.82368000,2.12200000,0.245000,23.5073150,65.5139877,32.17550000,12.8233000
"TIC 245946724","K2-395 b","K2-395",4.80335200000,2.5000000,,2457825.00890000,2.59700000,0.783000,70.4438684,16.6743415,286.72700000,13.3168000
"TIC 350814607","KOI-1833 d","Kepler-968",7.68500000000,1.1740000,0.11408000,2454966.35970200,2.58000000,0.667000,285.6025889,50.1120401,290.32400000,13.5348000
"TIC 272845785","Kepler-734 b","Kepler-734",6.10485285600,4.6760000,0.20903000,2455002.57334100,3.56000000,0.780000,297.0456122,46.0273893,1157.21000000,13.8732000
"TIC 405717552","Kepler-514 b","Kepler-514",5.65179605000,2.9289000,0.01370000,2455005.27893000,1.72000000,1.440000,286.2471739,50.2423694,455.33600000,11.7537000
"TIC 116483514","TOI-1411 b","TOI-1411",1.45205270000,1.5088724,0.03930000,2458739.47404000,1.19880592,0.614000,232.9460470,47.0555507,32.47780000,9.1043000
"TIC 234825296","CoRoT-20 b","CoRoT-20",9.24285000000,2.2248000,1.08799770,2455266.00010000,9.41556000,1.020000,97.7204249,0.2268931,844.06100000,13.8786000
"TIC 332024125","K2-187 d","K2-187",7.14958400000,2.8392000,0.12240000,2457203.52085000,2.40000000,0.830000,132.5235618,23.1924709,330.91600000,12.3562000
"TIC 27394293","Kepler-142 c","Kepler-142",4.76170200000,3.3030000,0.04971000,2455003.33543000,2.86000000,1.269000,295.1190067,48.4813635,548.68600000,12.7501000
"TIC 158660814","Kepler-652 b","Kepler-652",4.18200253100,2.2165000,0.08616000,2455005.78950900,2.49000000,0.880000,288.0080899,46.4736108,394.55000000,12.9193000
"TIC 139285832","TOI-332 b","TOI-332",0.77703800000,1.5200000,0.08300000,2459062.44470000,3.20000000,0.870000,348.0589516,-44.8764852,222.85200000,11.5273000
"TIC 434094657","K2-62 b","K2-62",6.67199000000,1.5600000,0.07880000,2456982.68500000,2.02000000,0.696000,334.3645089,-12.1874776,112.46700000,11.3633000
"TIC 90605642","K2-380 b","K2-380",9.40131200000,2.1120000,0.02750000,2457302.93540000,2.72900000,1.320000,283.4346389,-26.5387308,249.30300000,10.9139000
"TIC 32425577","K2-224 b","K2-224",4.47904000000,2.4000000,0.03270000,2457585.67190000,1.56000000,0.840000,189.7041426,-10.0605942,275.25500000,12.0532000
"TIC 268379849","Kepler-1066 b","Kepler-1066",1.93155983900,1.6283000,0.04919000,2454964.76580000,2.36000000,0.980000,298.8666210,46.5022325,344.25100000,12.5183000
"TIC 157230659","NGTS-12 b","NGTS-12",7.53280600000,5.8500000,0.46971753,2458572.85490000,11.74703200,1.589000,176.2499418,-35.6405630,446.44200000,11.6634000
"TIC 258203566","Kepler-1240 b","Kepler-1240",4.86638150000,2.2310000,0.01438000,2454967.01713000,1.15000000,0.960000,282.9997682,40.5574322,862.18600000,13.4546000
"TIC 63452310","Kepler-1323 b","Kepler-1323",0.92990667800,1.7428000,0.01087000,2454965.25075100,1.52000000,1.400000,292.8722515,46.0987290,465.41700000,11.9566000
"TIC 201177276","TOI-2379 b","TOI-2379",5.46938270000,1.8670000,3.24118560,2459401.56596000,11.72459381,0.622000,358.0920465,-53.0431560,211.24700000,13.6521000
"TIC 135043332","K2-198 c","K2-198",3.35960550000,1.4200800,0.01800000,2457215.03200000,1.42300000,0.757000,198.8436817,-6.4649888,110.56700000,10.4556000
"TIC 123450224","Kepler-139 d","Kepler-139",7.30569992200,1.4228000,0.02649000,2454964.77905000,1.69500000,1.045000,282.3919451,43.8894167,391.03800000,12.1994000
"TIC 102713734","TOI-2580 b","TOI-2580",3.39775000000,8.3800000,0.99600000,2458839.45340000,17.37392009,1.810000,62.1992072,67.1165264,379.25300000,10.8064000
"TIC 175371068","K2-154 b","K2-154",3.67626000000,1.7000000,0.11000000,2457585.05330000,1.99000000,0.630000,189.0015173,-2.6696217,129.35600000,12.3813000
"TIC 123409401","Kepler-144 b","Kepler-144",5.88527300000,1.8730000,0.01165000,2455007.42565000,1.33000000,1.235000,281.9156128,42.7755535,384.91700000,11.5855000
"TIC 198385543","TOI-1846 b","TOI-1846",3.93067370000,1.4190000,0.17120000,2459565.95523000,1.79200000,0.397000,257.9549645,54.5278483,47.24960000,11.8467000
"TIC 158838045","Kepler-219 b","Kepler-219",4.58551200000,3.2720000,0.04012000,2455002.85680000,2.95000000,1.491000,288.7389481,46.7625929,787.07000000,13.2839000
"TIC 365102760","TIC 365102760 b","TIC 365102760",4.21285367000,5.5200000,,2458684.14600000,6.21000000,3.130000,305.8398236,54.3943194,555.54600000,11.3306000
"TIC 38337202","K2-72 b","K2-72",5.57721200000,1.6700000,0.10900000,2457010.37600000,1.08000000,0.330989,334.6227504,-9.6120084,66.43210000,13.1201000
"TIC 399826842","Kepler-1421 b","Kepler-1421",6.91311120000,4.7680000,0.00379000,2454971.42400000,0.93000000,1.420000,286.5806115,48.5442312,783.40100000,12.3584000
"TIC 120577770","Kepler-1288 b","Kepler-1288",2.76122421000,3.6620000,0.00678000,2454964.61013000,1.12000000,1.290000,285.7135000,41.6058799,814.07800000,12.7990000
"TIC 394050135","TOI-2025 b","TOI-2025",8.87209820000,3.6010000,0.55780000,2459089.53337000,11.89272852,1.459000,282.7952558,82.2454143,335.98500000,10.9461000
"TIC 120422519","Kepler-1805 b","Kepler-1805",8.84794044500,2.0876000,0.05190000,2454973.15155000,1.54502915,0.552000,285.0865387,40.8990506,221.63900000,13.8953000
"TIC 63898957","TOI-261.01","TOI-261",3.36392540000,3.3430495,0.04220611,2458383.91562400,3.04498630,1.280180,15.2181412,-24.4239934,114.49500000,9.0397100
"TIC 424867045","Kepler-956 b","Kepler-956",5.24867263100,1.8418000,0.06212000,2454968.51625300,3.00000000,1.150000,292.5308289,49.0616555,544.93900000,12.8689000
"TIC 130181866","HD 63433 b","HD 63433",7.10794750000,3.2441716,0.05016058,2458845.37281800,2.14000000,0.934000,117.4793699,27.3631342,22.40350000,6.2683000
"TIC 48419201","Kepler-853 b","Kepler-853",7.16892463000,4.5907000,0.01116000,2454968.67883000,1.69000000,1.550000,283.9367810,49.1102748,568.67600000,11.8998000
"TIC 267989857","Kepler-1759 b","Kepler-1759",3.72023010300,1.9390000,0.01569000,2454966.41830000,0.90377910,0.797000,298.4656275,48.5593334,385.34800000,13.6420000
"TIC 28230011","Kepler-1215 b","Kepler-1215",4.76703963000,1.8500000,0.01634000,2454965.69039000,1.22000000,0.930000,297.4636477,48.1813978,661.02200000,13.9003000
"TIC 273036122","Kepler-1642 c","Kepler-1642",6.65138020000,2.1356000,0.10756000,2454968.27620000,2.66000000,0.840000,297.2121215,43.6437890,413.87300000,13.4942000
"TIC 86130229","K2-352 b","K2-352",3.66591200000,1.6300000,,2458098.63528200,1.37000000,0.950000,140.4451478,18.4696280,176.05100000,10.6699000
"TIC 79920467","TOI-3288 b","TOI-3288",1.43386470000,1.7370000,3.13600000,2460343.90690000,12.24020692,0.672000,297.1103158,-43.0180008,200.50000000,13.2956000
"TIC 122298677","Kepler-336 c","Kepler-336",9.60000100000,4.2430000,0.02712000,2454969.58177000,2.10000000,1.304000,290.2376224,41.3313637,768.86000000,13.1373000
"TIC 63452790","Kepler-423 b","Kepler-423",2.68432850000,2.7220000,1.58720000,2454966.35480997,13.36100000,0.950000,292.8557189,46.3911883,758.75300000,13.8140000
"TIC 63122176","Kepler-1365 c","Kepler-1365",4.77468005000,3.8090000,0.00513000,2454968.16150000,0.80000000,1.050000,292.1996573,42.0459944,840.12800000,12.9078000
"TIC 399954349","Kepler-411 c","Kepler-411",7.83443500000,2.7856000,0.20181000,2454968.22240000,4.42100000,0.820000,287.6057027,49.5233937,153.67600000,11.6052000
"TIC 50183101","K2-66 b","K2-66",5.06963000000,4.7100000,0.02880000,2456984.00750000,2.49000000,1.670000,331.5266563,-10.7115362,513.87700000,11.5706000
"TIC 437041147","TIC 437041147 b","TIC 437041147",3.82301421497,2.1217414,,2459548.58844679,2.21526814,0.961092,132.9480195,6.7648369,246.60000000,11.6420000
"TIC 175772482","WASP-57 b","WASP-57",2.83891856000,2.3040000,1.26900000,2456058.54910000,11.76945000,0.927000,223.8199788,-2.0576866,398.27600000,12.2688000
"TIC 164884235","Kepler-381 d","Kepler-381",8.25629997300,1.9904000,0.00395000,2454970.92536000,1.06678650,2.188000,285.1828685,43.8310283,267.32300000,10.2174000
"TIC 99869022","TOI-1199 b","TOI-1199",3.67146300000,2.1490000,0.43400000,2459420.53760000,10.51402390,1.450000,166.8806581,61.3525723,248.42700000,10.4221000
"TIC 420202798","TOI-4961 b","TOI-4961",7.47918200000,3.5280000,1.54100000,2459884.82079000,12.34108775,0.912000,192.5018624,-59.8919345,213.07300000,11.6602000
"TIC 444037742","K2-268 e","K2-268",6.13124300000,2.5400000,0.04360000,2457142.34395900,1.33000000,0.780000,133.7094899,11.8482712,327.78300000,12.9860000
"TIC 146172354","TOI-1036 b","TOI-1036",3.77952125496,3.2904618,0.27610000,2459292.60677085,6.28499593,1.175540,157.8671116,-42.2404483,184.01500000,10.2855000
"TIC 123357476","Kepler-960 b","Kepler-960",3.12686223000,1.1975000,0.07946000,2454966.72450600,2.29000000,0.720000,281.4572217,46.7465538,284.91600000,13.1799000
"TIC 123201193","Kepler-1386 b","Kepler-1386",6.73972381000,4.1060000,0.01420000,2454965.28650000,1.24000000,1.030000,280.8233646,42.6360518,835.88200000,13.9202000
"TIC 239287963","Kepler-1921 c","Kepler-1921",3.15722086000,3.7620000,0.00497000,2454964.69915000,1.41000000,2.000000,300.3161723,45.4953271,928.98900000,12.5272000
"TIC 270781284","Kepler-208 b","Kepler-208",4.22864000000,3.3080000,0.01500000,2455003.74197000,1.63000000,1.314000,293.8901979,42.5279413,775.32800000,13.1288000
"TIC 38846515","WASP-100 b","WASP-100",2.84938000000,3.7530000,0.76000000,2441361.43760000,14.90797000,1.570000,68.9598159,-64.0270390,364.41100000,10.3157000
"TIC 239307743","Kepler-1643 b","Kepler-1643",5.34265700000,2.4100000,0.06887000,2454967.38200000,2.32000000,0.855000,300.4310076,44.7510129,341.77400000,13.1905000
"TIC 8516795","TOI-2169 A b","TOI-2169 A",8.21482820000,4.3370000,0.39700000,2459732.67384000,12.50922246,1.820000,279.1701117,23.2586193,351.48700000,10.5527000
"TIC 144193715","TOI-4308 b","TOI-4308",9.15120100000,2.6160000,0.10740000,2458333.42840000,2.41890000,0.793400,327.7530693,-43.5623642,108.93200000,10.3390000
"TIC 198153540","TOI-1798.02","TOI-1798",0.43781182200,1.2152000,0.02908856,2459691.31350000,1.46400000,0.780000,211.0939367,46.5192825,113.18100000,10.5191000
"TIC 62085710","TOI-6677 b","TOI-6677",5.45060661625,4.6304467,0.09170000,2459042.95868866,5.83507112,1.571670,290.4719117,-46.8749591,340.52000000,10.4679000
"TIC 164527695","Kepler-1394 b","Kepler-1394",3.93766373000,4.9160000,0.00239000,2454968.27848000,1.39000000,2.550000,283.4532068,45.0840729,640.40900000,11.3915000
"TIC 27848472","WASP-3 b","WASP-3",1.84683000000,2.7883000,1.10000000,2455554.83317000,15.91678000,1.440000,278.6317411,35.6614312,231.16100000,10.1058000
"TIC 405425498","TOI-2227 b","TOI-2227",4.22175815648,2.7429639,0.05940000,2459050.44371553,3.09885187,1.208470,337.5177563,-67.8501459,165.44100000,10.0106000
"TIC 271046907","Kepler-1537 b","Kepler-1537",1.44445379800,0.9748000,0.02216000,2454965.80647000,1.18000000,0.770000,294.3853917,43.8254461,517.29200000,13.9460000
"TIC 6663331","HATS-28 b","HATS-28",3.18107810000,2.3544000,2.11924633,2457034.28300000,13.38354600,0.922000,284.3997616,-49.1385126,535.38300000,13.2887000
"TIC 401604346","TOI-2193 A b","TOI-2193 A",2.12257350000,1.6468800,0.01910000,2459052.42122000,19.83989584,1.248000,313.6912320,-72.8046404,337.06400000,11.3996000
"TIC 285048486","TOI-1728 b","TOI-1728",3.49151000000,1.9600000,0.54000000,2458843.27427000,5.05000000,0.624300,120.6116787,64.7971531,60.79800000,10.7921000
"TIC 262715204","K2-285 b","K2-285",3.47174500000,2.1800000,0.09700000,2457743.37545000,2.59000000,0.787000,349.3843458,1.3001522,154.96100000,11.2451000
"TIC 349520724","TIC 349520724 b","TIC 349520724",7.94044635021,2.0599713,,2459110.01493622,2.82626313,0.818771,111.2314215,-64.6398433,241.10500000,12.1684000
"TIC 70899085","LP 714-47 b","LP 714-47",4.05203200000,1.5200000,0.55124033,2458438.38487000,4.25000000,0.536000,64.1902212,-12.0848643,52.61600000,10.7329000
"TIC 4070275","TOI-4364 b","TOI-4364",5.42401900000,1.6000000,0.17800000,2458439.34280000,2.01000000,0.468400,80.0669270,-4.2392481,43.96620000,11.3993000
"TIC 66664249","EPIC 201427007 b","EPIC 201427007",0.72091000000,,,2457625.79430000,1.50000000,0.940000,184.6021322,-0.5512886,706.39100000,13.6514000
"TIC 49045066","TOI-2992 b","TOI-2992",3.00781200000,3.8400000,0.66600000,2459503.55851000,13.75341932,1.545000,164.3165643,-32.3224375,542.02600000,11.9728000
"TIC 444037742","K2-268 b","K2-268",2.15167600000,1.9700000,0.03980000,2457143.65427600,1.50000000,0.780000,133.7094899,11.8482712,327.78300000,12.9860000
"TIC 190496853","TOI-615 b","TOI-615",4.66159830000,4.2410000,1.19720000,2459259.49383000,18.97680433,1.732000,133.4086892,-40.5437010,360.40800000,10.3015000
"TIC 53728859","HAT-P-28 b","HAT-P-28",3.25721500000,3.2184000,1.47190000,2455417.59832000,13.58500000,1.103000,13.0009159,34.7284020,401.31900000,12.3396000
"TIC 271260980","Kepler-116 b","Kepler-116",5.96873400000,3.6390000,0.05279000,2454970.15762000,3.42000000,1.454000,294.7420605,43.5367842,955.16800000,13.2931000
"TIC 453064665","HAT-P-62 b","HAT-P-62",2.64532350000,3.1030000,1.04568418,2457118.38979000,12.02723629,1.170000,74.5043816,48.3008551,348.81500000,11.8889000
"TIC 445837596","TOI-3896 b","TOI-3896",4.37730369667,2.3689451,0.14300000,2458903.31049730,3.14949237,0.747752,187.9302395,63.9085462,181.65300000,11.6832000
"TIC 417659456","Kepler-552 b","Kepler-552",5.26341576500,2.1778000,0.10668000,2455007.35078800,3.95000000,1.040000,290.7476903,48.2419838,843.68900000,13.8102000
"TIC 176314383","TOI-2719 b","TOI-2719",3.37594000000,3.5380000,0.12700000,2459882.95500000,5.98000000,1.690000,71.5549449,-0.8048725,588.36800000,12.0676000
"TIC 8348911","TOI-2266 b","TOI-2266",2.32631800000,0.9800000,0.41536144,2459255.69481950,1.54000000,0.240000,245.2800398,31.5770413,51.60040000,13.5042000
"TIC 164646094","Kepler-1547 b","Kepler-1547",0.69297967600,1.0820000,0.00610000,2454964.80010000,0.90000000,1.180000,283.7640396,42.2220992,674.69500000,12.9688000
"TIC 120253745","Kepler-170 b","Kepler-170",7.93059200000,3.6800000,0.08261000,2455002.51582000,3.20000000,1.035000,284.5211975,41.6296562,738.65700000,13.8294000
"TIC 159654016","Kepler-100 b","Kepler-100",6.88734000000,4.4276000,0.00739000,2454966.17656000,1.34000000,1.510000,291.3861294,41.9901394,304.64500000,10.6983000
"TIC 279918915","Kepler-1258 b","Kepler-1258",0.98494016700,1.9543000,0.00814000,2454966.31962000,0.86000000,0.990000,285.4049723,49.9948186,717.55500000,13.3575000
"TIC 120826158","TOI-4495 c","TOI-4495",5.18553000000,2.7830000,0.06700000,2458687.83950000,4.03000000,1.309000,286.3624951,37.0259902,132.21400000,9.0056800
"TIC 437011608","TOI-5082.01","TOI-5082",4.24012200000,2.3880000,0.08420000,2460284.80264300,2.54811000,0.930000,106.5695780,22.6831477,43.14060000,7.6253000
"TIC 273377282","Kepler-526 b","Kepler-526",5.45849831600,4.0346000,0.02559000,2455005.08880000,1.99000000,1.140000,297.6509281,47.3962246,666.14600000,12.5619000
"TIC 219860288","TOI-1743 b","TOI-1743",4.26604600000,0.9235000,0.17000000,2459575.17230000,1.83000000,0.338000,257.7473322,71.8722039,41.27580000,12.4251000
"TIC 356867115","TOI-1301.01","TOI-1301",6.09640720900,2.3326000,0.11424892,2459710.29440000,2.47700000,0.732000,275.8625432,71.5817479,90.86930000,10.5216000
"TIC 2764004","EPIC 212624936 b","EPIC 212624936",0.57865700000,,,2457232.53108000,1.20000000,0.930000,210.6376171,-10.0236852,561.92900000,13.3582000
"TIC 259506033","HAT-P-61 b","HAT-P-61",1.90231289000,1.6580000,1.07178932,2457851.21119000,10.07687365,0.938000,75.4801665,50.1311784,338.84000000,12.3824000
"TIC 424815791","Kepler-1412 b","Kepler-1412",3.61460510000,3.1880000,0.00439000,2454966.09455000,0.83000000,1.270000,292.1801539,49.2024810,755.67800000,12.7581000
"TIC 405719110","Kepler-1349 b","Kepler-1349",2.12823928000,3.3050000,0.00259000,2454965.47062000,0.70000000,1.280000,286.3385562,48.7442697,276.32300000,10.6625000
"TIC 142105158","TOI-2200 b","TOI-2200",2.93602836512,2.2530649,0.67900000,2459220.45229462,6.96310517,0.826247,98.7835071,-72.4567778,251.24500000,12.3181000
"TIC 262715204","K2-285 c","K2-285",7.13804800000,2.5200000,0.21000000,2457744.53906000,3.53000000,0.787000,349.3843458,1.3001522,154.96100000,11.2451000
"TIC 271546191","Kepler-345 b","Kepler-345",7.41556300000,1.9710000,0.01669000,2454970.81508000,0.74000000,0.623000,295.2288521,45.9710432,260.00000000,13.2971000
"TIC 122300177","Kepler-1809 b","Kepler-1809",3.75729990000,0.9205000,0.02585000,2454966.96037000,1.51300000,0.716000,290.2651662,40.5484937,409.60200000,13.5299000
"TIC 77319217","TIC 77319217 b","TIC 77319217",7.54830765124,4.2233890,,2459150.69923473,3.10879526,1.184390,71.0406969,-39.8976018,267.62000000,10.8372000
"TIC 311408969","HAT-P-55 b","HAT-P-55",3.58523130000,2.9352000,1.69092285,2458311.92255000,14.84069045,1.105000,264.2735096,25.7311468,511.38800000,12.6580000
"TIC 79748331","TOI-1064 b","TOI-1064",6.44386800000,1.9800000,0.10670000,2459036.85340000,2.58700000,0.726000,296.0039349,-47.5620305,68.07260000,10.0059000
"TIC 26657091","Kepler-884 b","Kepler-884",5.69919514000,2.3878000,0.01613000,2454969.58754000,1.23000000,0.940000,292.5844328,49.9232012,476.73300000,12.6050000
"TIC 164556761","Kepler-1019 b","Kepler-1019",1.41122984700,1.3912000,0.03957000,2454965.64228400,1.46000000,0.670000,283.7175909,47.2043818,194.18200000,12.8455000
"TIC 398572544","WASP-28 b","WASP-28",3.40883495000,3.2388000,1.33960000,2457642.50212600,13.66374747,1.083000,353.6162694,-1.5799849,348.49400000,11.6238000
"TIC 248250955","TOI-4552 b","TOI-4552",0.30110032000,0.6404841,0.12580000,2459361.88587913,1.11000000,0.286900,264.7142556,-47.6370457,27.26840000,11.9251000
"TIC 126325985","HATS-10 b","HATS-10",3.31284600000,3.0072000,0.94731664,2456457.88193000,10.86152100,1.105000,294.3068385,-22.2044872,534.88900000,12.5192000
"TIC 458419328","TOI-3785 b","TOI-3785",4.67473730000,1.7000000,0.92540000,2458861.49553000,5.14000000,0.500000,130.9002258,63.0780768,79.76340000,12.4963000
"TIC 381856447","WASP-145 A b","WASP-145 A",1.76903810000,0.9768000,1.16000000,2456844.16526000,10.08810000,0.680000,322.2537644,-58.8361466,91.29900000,10.7218000
"TIC 176220787","WASP-136 b","WASP-136",5.21536178778,5.5895721,0.52058347,2456776.90550000,16.81347105,2.390140,0.3257610,-8.9262512,275.58700000,9.4834000
"TIC 11270200","HATS-12 b","HATS-12",3.14270200000,4.5237600,0.42910000,2457311.23876000,7.76000000,1.170000,289.2024020,-19.3559227,746.13800000,12.2994000
"TIC 219854185","TOI-1296 b","TOI-1296",3.94437360000,4.8636539,0.67324885,2458930.75531000,14.11645916,1.703100,256.7706392,70.2384806,323.26500000,10.8041000
"TIC 224297258","TOI-1279 b","TOI-1279",9.61419000000,2.7649671,0.09336533,2458717.48140000,2.66146528,0.842600,185.0628734,56.2014094,107.05500000,9.9945400
"TIC 429304876","TOI-682.01","TOI-682",6.83923880000,4.1760000,0.12130000,2460037.25993400,3.74186000,1.080000,167.8854300,-22.0727803,83.15480000,9.2231000
"TIC 267673013","Kepler-537 b","Kepler-537",3.24755521900,2.4836000,0.02097000,2455004.27746000,1.41000000,0.990000,289.8805804,51.2769907,439.40000000,12.6092000
"TIC 104866616","HAT-P-46 b","HAT-P-46",4.46312900000,3.0984000,0.79838271,2455701.33646000,14.39200000,1.396000,270.4441831,-2.9709800,290.73600000,11.1323000
"TIC 120826158","TOI-4495 b","TOI-4495",2.56699000000,2.4710000,0.02900000,2458685.77380000,2.48300000,1.309000,286.3624951,37.0259902,132.21400000,9.0056800
"TIC 48421337","Kepler-1761 b","Kepler-1761",4.04354000100,1.4572000,0.04162000,2454964.62968000,1.39109603,0.532000,284.1329728,49.1426325,221.18600000,13.9051000
"TIC 1528696","NGTS-6 b","NGTS-6",0.88205900000,0.5759672,1.17554509,2457982.37840000,14.86313400,0.754000,75.7953820,-30.3994612,308.26200000,13.1686000
"TIC 158722002","Kepler-1597 b","Kepler-1597",2.94654179000,3.2800000,0.00570000,2454965.41542000,1.06000000,1.390000,288.1639687,42.4810124,1221.05000000,13.7503000
"TIC 286865921","WASP-83 b","WASP-83",4.97125200000,3.3648000,1.04000000,2455928.88530000,11.65736000,1.050000,190.1519558,-19.2843527,271.10300000,11.5037000
"TIC 121731834","Kepler-65 d","Kepler-65",8.13123000000,4.1000000,0.00980000,2454970.99050000,1.52000000,1.410000,288.6887221,41.1511076,303.72800000,10.5930000
"TIC 169079027","Kepler-1680 b","Kepler-1680",8.77424000000,2.1326000,0.02619000,2454965.33457000,1.35954736,0.723259,297.0746571,39.9338893,310.31500000,13.0949000
"TIC 147797743","Gaia-2 b","Gaia-2",3.69152240000,2.7207580,1.63160232,2458843.98875000,14.81827249,1.064000,110.7353308,67.2526565,209.22900000,10.7447000
"TIC 97409519","WASP-124 b","WASP-124",3.37265000000,2.5704000,1.71636042,2457028.58340000,13.89916000,1.020000,332.7143373,-30.7497189,448.63700000,12.1893000
"TIC 363444743","K2-50 b","K2-50",8.75290000000,2.6800000,0.13370000,2456810.33110000,1.59000000,0.546000,169.4836540,5.9882890,257.44300000,13.5014000
"TIC 27083727","Kepler-23 b","Kepler-23",7.10000000000,5.1462000,0.01310000,2454971.32271000,1.63800000,1.548000,294.2189131,49.4792536,835.75600000,12.9696000
"TIC 160578764","WASP-192 b","WASP-192",2.87867650000,2.3136000,0.92600000,2457271.33310000,13.78707000,1.320000,223.6587187,-38.7445469,508.88500000,12.1014000
"TIC 122716169","Kepler-1107 b","Kepler-1107",0.57103851800,1.0420000,0.02626000,2454964.65353800,1.34000000,0.820000,291.0499340,39.1416740,428.79800000,13.5378000
"TIC 350153977","TOI-908 b","TOI-908",3.18379200000,2.4570000,0.08502084,2459384.29200000,3.18600000,1.028000,53.1594266,-81.2507450,175.74800000,10.6513000
"TIC 159098316","Kepler-77 b","Kepler-77",3.57878087000,2.9337600,0.98490000,2455095.86572700,10.76100000,0.990000,289.6079433,44.3454347,639.41100000,13.4231000
"TIC 271662623","Kepler-218 b","Kepler-218",3.61933700000,3.0140000,0.02066000,2454968.43801000,1.48000000,1.063000,295.4128785,46.2665801,656.38000000,13.4069000
"TIC 159381747","Kepler-645 b","Kepler-645",3.27582262100,2.9721000,0.02749000,2455003.25268000,2.10000000,1.210000,290.3227098,44.0358625,1173.57000000,13.6250000
"TIC 377293776","TOI-1450 A b","TOI-1450 A",2.04392740000,0.9880000,0.04651930,2458685.34221000,1.13000000,0.483000,286.8540627,59.0866254,22.44670000,10.0306000
"TIC 169462917","Kepler-99 b","Kepler-99",4.60358000000,2.3499000,0.04498000,2455004.83893000,1.48000000,0.730000,297.3539994,41.3000452,208.36900000,12.3048000
"TIC 123357893","Kepler-989 b","Kepler-989",7.96431535200,1.4980000,0.07460000,2454969.81672000,2.21000000,0.780000,281.5827983,47.2334674,491.97800000,13.8128000
"TIC 201175570","TOI-7041 b","TOI-7041",9.69100000000,15.7960068,0.05129618,2460160.39300000,11.43316031,4.100000,357.8021716,-50.8698618,439.52000000,10.2640000
"TIC 68504570","K2-37 c","K2-37",6.42966000000,2.9016000,0.10270000,2456898.85480000,2.41000000,0.809000,243.4509662,-24.7870527,179.94300000,11.6368000
"TIC 355867695","TOI-1260 b","TOI-1260",3.12746300000,2.0600000,0.10820000,2459065.56426900,2.41000000,0.672000,157.1440712,65.8541986,73.59770000,10.8116000
"TIC 48131596","Kepler-1637 b","Kepler-1637",6.10960324000,5.5850000,0.00603000,2454966.80963000,0.89000000,1.020000,282.2368006,48.1542016,567.18700000,12.8027000
"TIC 269119490","Kepler-1990 b","Kepler-1990",1.73513619000,2.2741000,0.09526000,2454968.06004700,3.27000000,1.071000,299.7047433,44.4357068,392.73900000,12.1207000
"TIC 233602827","TOI-1749 c","TOI-1749",4.49290000000,1.8833377,0.12711867,2459763.32305500,2.12000000,0.550000,282.7372281,64.4194660,99.55610000,12.2574000
"TIC 274030824","Kepler-312 b","Kepler-312",1.77241900000,2.4530000,0.00792000,2454965.08778000,1.29000000,1.467000,298.3957687,42.4597712,797.72000000,12.4919000
"TIC 137337090","Kepler-1671 b","Kepler-1671",4.16787000000,2.2148000,0.01709000,2454968.28061000,1.32557381,0.929771,291.7484295,39.4467817,357.05900000,12.7336000
"TIC 335661164","TOI-7008 b","TOI-7008",0.84069041367,1.6702296,0.25540000,2459411.69331352,4.94735276,0.952550,216.9882531,79.4503960,410.46700000,12.9055000
"TIC 144310492","TOI-3877 b","TOI-3877",4.12359600000,2.7840000,0.55000000,2459753.93391000,11.67975789,1.445000,170.4544727,33.9913822,493.77000000,11.9123000
"TIC 137488218","Kepler-1569 b","Kepler-1569",5.79180156000,3.2730000,0.01185000,2454966.35780000,1.68000000,1.400000,292.2046748,37.2212065,945.45400000,13.4896000
"TIC 184997417","Kepler-106 b","Kepler-106",6.16486000000,3.2620000,0.00558000,2454968.64035000,0.82000000,1.040000,300.8640060,44.3375497,444.32200000,12.4022000
"TIC 394722182","TOI-2236 b","TOI-2236",3.53159020000,3.0480000,0.70110000,2459011.45704000,14.36991326,1.573000,20.1660113,-86.9799650,355.59000000,10.8673000
"TIC 271546110","Kepler-1618 b","Kepler-1618",6.10826019000,3.6490000,0.00565000,2454964.88030000,1.26000000,1.650000,295.1753619,45.9308594,1229.25000000,13.2062000
"TIC 269271535","Kepler-352 d","Kepler-352",6.88727998700,2.4250000,0.00802000,2454965.06897000,0.80628032,0.772000,299.8966237,46.0519022,252.73300000,12.4085000
"TIC 423358488","K2-148 c","K2-148",6.92260000000,2.0304000,0.05370000,2457387.72777000,1.73000000,0.632000,14.5176494,-0.1932580,124.45800000,12.2481000
"TIC 176685457","NGTS-9 b","NGTS-9",4.43527000000,2.0500000,0.64100000,2457671.81086000,11.99363000,1.380000,141.9206435,-19.3476477,609.12800000,12.2682000
"TIC 439456714","TOI-277 b","TOI-277",3.99400000000,1.9693065,0.58018957,2459119.82640000,2.65000000,0.362000,19.0766985,-20.9532772,64.66920000,11.7315000
"TIC 287331845","EPIC 212297394 b","EPIC 212297394",2.28936300000,1.8800000,0.05350000,2457217.96319000,1.48000000,0.800000,207.2061241,-17.6098985,418.39500000,13.5896000
"TIC 67686059","TIC 67686059 b","TIC 67686059",3.52163529551,1.7374808,,2458404.38247947,2.59125922,0.820458,19.8843370,-35.2930148,249.20300000,12.2085000
"TIC 293375721","K2-270 b","K2-270",1.54306900000,1.6440000,0.02860000,2457142.41998000,1.38000000,0.770000,131.2665588,13.5497322,280.51800000,12.8344000
"TIC 160113658","TIC 160113658 b","TIC 160113658",6.72952262077,2.3227940,,2459167.57026043,3.49015778,0.789834,59.4555606,-41.6320332,200.15600000,12.1142000
"TIC 49735922","K2-388 b","K2-388",6.33932000000,3.0200000,0.17390000,2457741.79456000,3.90000000,0.910000,352.7139342,-11.0773564,290.49500000,12.1093000
"TIC 299798795","TOI-1224 b","TOI-1224",4.17827450000,1.6759040,0.22800000,2458327.70236000,2.10400000,0.404000,37.1978356,-80.8991053,37.33120000,11.5560000
"TIC 375942197","WASP-176 b","WASP-176",3.89905200000,5.1528000,0.64000000,2458234.17710000,16.86954500,1.925000,313.6872928,9.1790688,568.42000000,11.5352000
"TIC 399870368","HAT-P-70 b","HAT-P-70",2.74432452000,3.4800000,0.84430000,2458439.57519000,20.96083000,1.858000,74.5523332,9.9979794,330.73900000,9.3371000
"TIC 377780790","Kepler-10 b","Kepler-10",0.83749070000,1.8110000,0.01919000,2455034.08687000,1.47000000,1.065000,285.6792980,50.2414842,185.50600000,10.4767000
"TIC 164414655","Kepler-271 d","Kepler-271",5.24972541000,2.7660000,0.00619000,2454968.46512000,0.66000000,0.870000,283.0029316,44.2841080,404.54200000,12.9431000
"TIC 18942729","TIC 18942729 b","TIC 18942729",0.99817838064,1.1440808,,2459561.00366640,2.00021315,0.825257,119.2150697,16.6772341,115.16900000,11.5339000
"TIC 11755687","Gaia-1 b","Gaia-1",3.05252400000,2.2564388,1.58532048,2458468.68524000,13.77583728,0.952000,90.6436658,-0.5771099,363.66000000,12.4821000
"TIC 231702397","TOI-122 b","TOI-122",5.07803000000,1.2100353,0.56000000,2458425.60256400,2.72000000,0.334000,332.9482355,-58.9460850,62.11800000,13.0840000
"TIC 19684256","HATS-52 b","HATS-52",1.36665436000,2.0904000,2.10700000,2456929.03039000,15.49083800,1.046000,140.0875894,-31.2692116,555.13400000,13.1758000
"TIC 267667467","Kepler-1298 b","Kepler-1298",7.12811928000,5.6140000,0.00454000,2454969.88305000,1.31000000,2.000000,284.4227535,49.1061907,544.16300000,10.9561000
"TIC 164525875","Kepler-1361 b","Kepler-1361",3.57554956000,2.4630000,0.00965000,2454965.85828000,0.86000000,0.790000,283.5653603,46.9042278,389.14300000,13.3359000
"TIC 144700903","TOI-532 b","TOI-532",2.32665080000,1.7500000,0.78447831,2458470.57677700,5.82000000,0.612000,85.0800537,11.5626373,135.04700000,12.6785000
"TIC 274198407","Kepler-318 b","Kepler-318",4.66271500000,2.7460000,0.16194000,2454967.08179000,4.71000000,1.189000,298.4828337,46.7936357,489.14100000,12.7994000
"TIC 164555597","Kepler-732 b","Kepler-732",9.46781404800,2.4437000,0.22370000,2455011.41646300,2.18000000,0.460000,283.7317274,45.9585288,174.82600000,13.9669000
"TIC 405688133","Kepler-407 b","Kepler-407",0.66931240000,1.6015000,0.01324000,2454967.12007000,1.19000000,1.040000,286.0363025,49.6145027,338.36800000,12.0108000
"TIC 63211674","Kepler-435 b","Kepler-435",8.60015360000,9.0030000,0.45102000,2455010.64241000,22.31000000,3.210000,292.2873012,43.1972542,1418.77000000,13.1981000
"TIC 442530946","WASP-70 A b","WASP-70 A",3.71302030000,3.3336000,0.97000000,2455736.50348000,13.04700000,1.215000,315.4771912,-13.4333821,222.35500000,10.5959000
"TIC 198153540","TOI-1798.01","TOI-1798",8.02152233100,3.1324000,0.08823089,2459688.13590000,2.44800000,0.780000,211.0939367,46.5192825,113.18100000,10.5191000
"TIC 120757718","TrES-1 b","TrES-1",3.03007000000,2.5080000,1.80000000,2453186.80634100,12.66617000,0.850000,286.0408755,36.6325360,159.65800000,11.0248000
"TIC 137342279","Kepler-206 b","Kepler-206",7.78198700000,3.6440000,0.01069000,2454966.58990000,1.20000000,1.185000,291.6346564,41.8338415,594.44700000,12.9995000
"TIC 298969755","Kepler-155 b","Kepler-155",5.93119400000,2.3710000,0.10351000,2455007.79655000,2.09000000,0.620000,288.4957831,51.0819286,293.49900000,13.5280000
"TIC 114018671","TOI-1011 b","TOI-1011",2.47049800000,2.3016000,0.02730272,2458489.97760000,1.45000000,0.920000,113.9847611,-32.8419988,52.62000000,8.2388000
"TIC 158270841","Kepler-1583 b","Kepler-1583",9.32807355000,3.9360000,0.00452000,2454965.85320000,0.60000000,0.910000,286.3869335,47.0165188,403.93300000,12.3677000
"TIC 204317710","HATS-32 b","HATS-32",2.81265480000,2.8536000,1.39940625,2456454.62520000,14.00004100,1.097000,346.0750861,-21.2720168,745.11600000,13.7426000
"TIC 171883078","Kepler-1876 b","Kepler-1876",6.99205000000,4.8420000,0.00334000,2454971.05100000,0.85300000,1.477000,299.1604859,41.1437964,259.93500000,10.3551000
"TIC 453668803","TOI-6564 b","TOI-6564",3.98541300000,4.5300000,0.88006145,2460071.37027000,16.39873876,1.700000,205.8178791,-56.1564491,191.37200000,9.5687000
"TIC 266014079","K2-219 c","K2-219",6.66767000000,4.8240000,0.01400000,2457398.41574000,1.43839723,1.189232,12.8452963,8.8675474,325.40000000,11.4427000
"TIC 224245334","TOI-333 b","TOI-333",3.78525030000,3.2000000,0.13388791,2458355.57590000,4.26000000,1.100000,353.3574989,-41.1715206,352.26900000,11.5166000
"TIC 158923465","Kepler-60 c","Kepler-60",8.91870000000,4.1460000,0.01806000,2456466.58270000,1.90000000,1.257000,288.9612535,42.2650472,1025.10000000,13.4729000
"TIC 268712158","Kepler-1848 b","Kepler-1848",5.60402011900,1.0273000,0.02249000,2454966.82508000,1.40885390,0.737000,299.3814921,45.5920846,309.69600000,13.0408000
"TIC 142748283","TOI-2096 c","TOI-2096",6.38784000000,1.3540000,0.63600000,2459147.45983000,1.91400000,0.235000,151.6186989,74.8272107,48.48090000,13.4764000
"TIC 138105005","Kepler-1698 b","Kepler-1698",1.21070000000,1.4340000,0.01591000,2454965.39322000,1.07315686,0.741698,293.3450181,39.2577469,222.34500000,12.2813000
"TIC 407966340","HD 25463 c","HD 25463",3.04405000000,1.3514496,0.00827350,2458438.47300000,1.36354953,1.418200,60.7483361,9.2077676,45.61810000,6.4386000
"TIC 63368895","Kepler-1869 c","Kepler-1869",1.71682830400,2.0680000,0.00595000,2454965.03204000,0.74000000,0.902000,292.6149958,42.7643438,113.02500000,9.6523000
"TIC 158935283","Kepler-33 b","Kepler-33",5.66793000000,4.8800000,0.00868000,2454964.89810000,1.74000000,1.820000,289.0775348,46.0051696,1209.16000000,13.5180000
"TIC 351801933","Kepler-601 b","Kepler-601",5.37886844100,2.7154000,0.04834000,2455002.61518000,1.90000000,0.790000,282.0046852,42.1764657,414.82500000,13.4432000
"TIC 229747848","TOI-1347 b","TOI-1347",0.84742346000,0.8769615,0.04243933,2458682.71214000,1.80000000,0.830000,280.3266806,70.2900536,147.47600000,10.7157000
"TIC 49592509","K2-417 b","K2-417",6.53500000000,2.0700000,,2458373.03210000,3.31000000,0.577600,350.1417675,-10.0365901,94.04240000,12.1559000
"TIC 158933249","Kepler-953 c","Kepler-953",9.10967112000,5.3021000,0.01264000,2454966.06724000,1.19000000,0.990000,288.9716297,44.6246451,258.89300000,11.6455000
"TIC 470381900","TOI-1696 b","TOI-1696",2.50031100000,1.0000000,1.25793505,2458834.20115000,3.09000000,0.277500,65.2806480,48.8198312,64.91720000,13.9664000
"TIC 77552382","TIC 77552382 b","TIC 77552382",3.51025904942,2.4109865,0.47294037,2459259.98783716,5.69176189,0.886956,152.5133767,-4.9035250,373.41500000,13.0262000
"TIC 239154970","HAT-P-33 b","HAT-P-33",3.47447000000,4.4136000,1.10000000,2458078.12991800,20.73665000,1.790000,113.1842383,33.8350214,396.11000000,10.7131000
"TIC 135043332","K2-198 d","K2-198",7.45001770000,3.0024000,0.10820000,2457213.57590000,2.43800000,0.757000,198.8436817,-6.4649888,110.56700000,10.4556000
"TIC 468983280","TOI-5489 c","TOI-5489",4.92126000000,1.4072515,0.08845792,2458496.32542000,1.28000000,0.420000,128.6912940,11.4895882,45.09070000,11.6923000
"TIC 323687123","K2-415 b","K2-415",4.01796940000,1.1195616,0.28089118,2458100.07116000,1.01500000,0.196500,137.2015437,11.8622503,21.81820000,12.4289000
"TIC 60286662","K2-271 b","K2-271",8.56242100000,3.2400000,0.55130000,2457149.71271000,7.28000000,0.990000,125.2239144,16.0907958,564.45400000,13.2027000
"TIC 371443216","MASCARA-4 b","MASCARA-4",2.82409320000,3.9700000,0.89700000,2458909.66419000,16.98160576,1.790000,147.5800667,-66.1139253,170.69600000,8.0552000
"TIC 27240404","Kepler-1222 b","Kepler-1222",1.91694425400,1.4629000,0.01051000,2454965.46704000,0.79000000,0.800000,294.8896160,49.3798215,415.21800000,13.5242000
"TIC 268481319","Kepler-463 b","Kepler-463",8.98101683300,1.8737000,0.10593000,2454969.64926300,3.05000000,0.900000,298.9368228,44.8578644,394.80400000,12.3639000
"TIC 230001847","TOI-2337 b","TOI-2337",2.99432000000,6.9172309,0.11206492,2458793.82800000,10.08808263,3.220000,290.6198948,60.8539035,536.04600000,11.2347000
"TIC 19342878","WASP-149 b","WASP-149",1.33281300000,2.0496174,1.68340000,2457757.62450000,15.24421375,1.080000,124.0736810,-8.6865813,211.73000000,10.8042000
"TIC 288246496","WASP-60 b","WASP-60",4.30500000000,3.5311266,0.60000000,2456952.43264000,9.86392000,1.170000,356.6667136,31.1559115,431.05200000,11.5639000
"TIC 268159861","Kepler-186 b","Kepler-186",3.88679070000,1.8098000,0.05142000,2454966.33040000,1.07000000,0.472000,298.6527360,43.9549884,177.59400000,13.6403000
"TIC 453789494","WASP-172 b","WASP-172",5.47743300000,5.2944000,0.72000000,2457032.26170000,17.59813000,1.910000,199.4337420,-47.2375748,538.11000000,10.7316000
"TIC 159174926","Kepler-403 b","Kepler-403",7.03146200000,5.8480000,0.00854000,2454967.45161000,1.25000000,1.329000,289.9214256,46.7445267,840.26900000,12.3684000
"TIC 27649847","TOI-521 b","TOI-521",1.54285047000,1.1800000,0.21544856,2458492.71530000,1.98000000,0.421000,123.3442567,12.2221079,60.94250000,12.4029000
"TIC 231670397","WASP-73 b","WASP-73",4.08722000000,5.5861130,0.33000000,2458462.55487000,15.91678000,2.550000,319.9496969,-58.1489328,316.67800000,9.8638000
"TIC 350348197","TOI-5108 b","TOI-5108",6.75358100000,2.2000000,0.17400000,2459569.47780000,6.60000000,1.290000,166.2695041,11.2464069,130.91900000,9.1845800
"TIC 237158274","Kepler-132 c","Kepler-132",6.41491400000,3.3000000,0.01210000,2455002.63908000,1.28000000,1.178000,283.2358100,41.3430370,349.54900000,11.3470000
"TIC 310380289","TOI-5736 b","TOI-5736",0.64899000000,1.1178232,0.06155445,2458738.89683000,1.56000000,0.580000,213.7583971,49.5009379,92.36040000,11.9820000
"TIC 137217372","Kepler-416 b","Kepler-416",6.31900000000,3.2023000,0.05983000,2454965.23059000,2.48000000,1.075000,291.5569554,39.2272923,690.81900000,13.5440000
"TIC 345143460","TOI-1533 b","TOI-1533",3.64579740000,2.0700000,0.11680000,2459877.67620000,2.89000000,0.849000,355.2467209,57.4852417,100.05100000,10.1128000
"TIC 55275863","TOI-5515 b","TOI-5515",8.59225810839,3.3731655,0.08855569,2459543.03769594,2.65362762,0.835682,139.6163639,16.9899558,135.45900000,10.5182000
"TIC 176956893","TOI-2184 b","TOI-2184",6.90683000000,6.7800000,0.17517779,2458332.12600000,11.39953337,2.900000,100.8331246,-66.9476563,788.31700000,11.4057000
"TIC 149845414","TOI-2545 b","TOI-2545",7.99403700000,4.2710470,0.04046194,2458522.51397300,2.75000000,1.253240,135.5458029,-3.4208194,107.11800000,8.9059400
"TIC 377171980","EPIC 201615463 c","K2-166",3.80464000000,,,2457621.22270000,1.22000000,1.610000,185.1880932,2.2823788,476.88200000,11.5490000
"TIC 121786630","Kepler-319 c","Kepler-319",6.94135700000,1.7910000,0.08670000,2454970.54285000,2.63000000,0.903000,288.8119782,39.7706431,503.43600000,13.3015000
"TIC 335630746","TOI-778 b","TOI-778",4.63361100000,3.7600000,0.76600000,2458578.71610000,15.40000000,1.710000,199.3338503,-15.2737046,161.74300000,8.6900900
"TIC 279915941","Kepler-1542 e","Kepler-1542",5.10115756000,2.6150000,0.00651000,2454965.42378000,0.76000000,0.990000,285.7284757,42.6544651,399.11400000,12.1100000
"TIC 34085383","TIC 34085383 b","TIC 34085383",3.47793368523,2.6276341,,2459161.26946006,3.91982296,0.809951,59.2353630,-7.3757198,149.12000000,11.5694000
"TIC 270380593","WASP-156 b","WASP-156",3.83616290000,2.3926000,0.53575775,2459058.61130000,6.15000000,0.826800,32.7820850,2.4181937,122.06600000,10.7307000
"TIC 170102285","WASP-23 b","WASP-23",2.94442560000,2.3942400,1.69100000,2455320.12363000,10.78300000,0.765000,101.1275033,-42.7622296,207.49000000,11.7583000
"TIC 273690178","Kepler-18 c","Kepler-18",7.64159000000,3.4872000,0.22866000,2455167.08830000,5.49000000,1.108000,298.0794448,44.7462480,433.04700000,12.9879000
"TIC 273690178","Kepler-18 b","Kepler-18",3.50472500000,2.0760000,0.02540000,2454966.50680000,2.00000000,1.108000,298.0794448,44.7462480,433.04700000,12.9879000
"TIC 219698950","HATS-1 b","HATS-1",3.44645900000,2.4168000,1.63207912,2455241.28722000,14.59400000,1.038000,175.5252399,-23.3548451,283.97100000,11.5122000
"TIC 130502317","CoRoT-6 b","CoRoT-6",8.88659300000,4.0800000,,2454595.61440000,13.06800000,1.025000,281.0725563,6.6632062,645.29400000,13.2491000
"TIC 267572272","HAT-P-37 b","HAT-P-37",2.79743600000,2.3304000,1.89900000,2455642.14318000,13.20400000,0.877000,284.2960393,51.2691212,390.59400000,12.7678000
"TIC 63126862","Kepler-42 b","Kepler-42",1.21376720000,0.5532000,0.18210000,2455003.48329000,0.78000000,0.170000,292.2196000,44.6173667,40.05950000,13.7435000
"TIC 63126862","Kepler-42 c","Kepler-42",0.45328509000,0.4445000,0.15600000,2454966.86952000,0.73000000,0.170000,292.2196000,44.6173667,40.05950000,13.7435000
"TIC 432549364","KELT-1 b","KELT-1",1.21751400000,2.7645600,0.60860000,2455914.16280000,12.44200000,1.471000,0.3620995,39.3837953,268.43000000,10.2242000
"TIC 234112540","CoRoT-5 b","CoRoT-5",4.03789620000,2.9331124,1.46100000,2454400.19885000,15.55800000,1.186000,101.2772396,0.8152163,882.47200000,13.4831000
"TIC 184240683","WASP-5 b","WASP-5",1.62842790000,2.3688000,1.18000000,2454373.99598000,12.18400000,1.029000,359.3490277,-41.2772202,309.13700000,11.5464000
"TIC 305243225","HAT-P-23 b","HAT-P-23",1.21288400000,2.1792000,1.05360000,2454852.26464000,15.33400000,1.203000,306.1239076,16.7621462,364.81300000,11.7340000
"TIC 26826078","HAT-P-20 b","HAT-P-20",2.87531700000,1.8480000,0.98980000,2455080.92661000,9.71800000,0.694000,111.9164295,24.3361185,71.03740000,10.2832000
"TIC 158561566","Kepler-14 b","Kepler-14",6.79012300000,6.2184000,0.22523000,2454971.08737000,12.73300000,2.048000,287.7088140,47.3330500,798.00000000,11.6360000
"TIC 27774415","Kepler-15 b","Kepler-15",4.94278200000,3.5000000,1.12650000,2454969.32865100,10.76000000,0.992000,296.2005506,49.1400304,739.41200000,13.2394000
"TIC 138294130","HAT-P-4 b","HAT-P-4",3.05653600000,4.2240000,0.77980000,2455584.57238000,14.28000000,1.596000,229.9912200,36.2295450,320.45100000,10.6506000
"TIC 100909102","WASP-155 b","WASP-155",3.11041300000,3.1290000,0.99400000,2459852.08494000,13.45077684,1.240000,347.9797230,33.0476125,399.63000000,12.0052000
"TIC 121731834","Kepler-65 b","Kepler-65",2.15491000000,3.0770000,0.00850000,2454966.49900000,1.42000000,1.410000,288.6887221,41.1511076,303.72800000,10.5930000
"TIC 444013020","WASP-65 b","WASP-65",2.31142430000,2.7350400,1.28000000,2456110.68772000,12.46400000,1.010000,133.3242982,8.5230171,273.70300000,11.3020000
"TIC 57984377","WASP-1 b","WASP-1",2.51994540000,3.7121363,1.24293725,2453912.51510000,16.62300000,1.470000,5.1669536,31.9899732,393.07200000,11.1355000
"TIC 298896336","Kepler-50 c","Kepler-50",9.37647000000,2.0600000,0.01590000,2454969.95800000,2.17000000,1.580000,288.1009312,50.0336844,250.11000000,9.9997000
"TIC 36592530","WASP-75 b","WASP-75",2.48419300000,1.9728000,1.07000000,2456016.26690000,14.23500000,1.260000,342.3858995,-10.6754686,294.00100000,10.9310000
"TIC 270468559","HAT-P-42 b","HAT-P-42",4.64187800000,4.0344000,0.75254475,2455952.52603000,14.34800000,1.530000,135.3443583,6.0970828,405.23800000,11.5598000
"TIC 268159861","Kepler-186 c","Kepler-186",7.26730200000,2.2691000,0.06591000,2455007.31420000,1.25000000,0.472000,298.6527360,43.9549884,177.59400000,13.6403000
"TIC 36352297","CoRoT-1 b","CoRoT-1",1.50895570000,2.3730000,1.92654000,2454159.45320000,16.70000000,1.110000,102.0798591,-3.1021394,787.90900000,13.0501000
"TIC 167227214","HAT-P-45 b","HAT-P-45",3.12899200000,3.4464000,1.34262063,2455729.98612000,15.98400000,1.319000,274.3732697,-3.3810594,298.64000000,11.6961000
"TIC 168699373","HAT-P-44 b","HAT-P-44",4.30121900000,3.1248000,2.20500000,2455696.93695000,13.92200000,0.949000,213.1438604,47.0147826,347.85000000,12.4474000
"TIC 139733308","HATS-5 b","HATS-5",4.76338700000,2.9856000,1.31606298,2456273.79068000,10.22300000,0.871000,67.2228465,-21.4820568,246.38400000,11.9012000
"TIC 267667295","KOI-351 c","KOI-351",8.71937500000,4.4100000,0.01604000,2454972.56870000,1.19000000,1.200000,284.4334642,49.3051239,848.25400000,13.3396000
"TIC 52640302","WASP-64 b","WASP-64",1.57329180000,2.3997600,1.52200000,2455582.60169000,14.24700000,1.058000,101.1149223,-32.8583878,369.92600000,12.0506000
"TIC 285272237","HAT-P-38 b","HAT-P-38",4.64038200000,3.0408000,0.99549099,2455863.11957000,9.24700000,0.923000,35.3834942,32.2460441,255.20600000,11.7524000
"TIC 389352124","WASP-7 b","WASP-7",4.95464160000,3.6390000,0.73570000,2455446.63493000,14.90797000,1.432000,311.0427558,-39.2254856,162.30300000,9.0532000
"TIC 28357724","Kepler-414 c","Kepler-414",7.17100000000,2.9225000,0.08633000,2455009.66684400,3.01000000,0.946000,297.9615616,48.2443363,413.46000000,12.8076000
"TIC 14770122","HAT-P-39 b","HAT-P-39",3.54387000000,4.1880000,0.99900000,2455208.75049000,17.60900000,1.625000,113.7582526,17.8300283,697.00400000,11.8887000
"TIC 391958006","CoRoT-2 b","CoRoT-2",1.74299350000,2.2670400,2.75000000,2454237.53556000,16.43200000,0.906000,291.7770457,1.3836634,213.28300000,11.6659000
"TIC 258203303","Kepler-338 e","Kepler-338",9.34100000000,6.1800000,0.00817000,2454965.38581000,1.56000000,1.735000,282.9790593,40.7844188,552.79800000,11.6676000
"TIC 299158887","Kepler-63 b","Kepler-63",9.43415050000,2.9030000,0.40243000,2455010.84307000,6.11000000,0.901000,289.2262876,49.5482814,194.03300000,11.0579000
"TIC 164458488","Kepler-62 b","Kepler-62",5.71493200000,2.3100000,0.04300000,2455003.91890000,1.31000000,0.640000,283.2125621,45.3496992,300.87400000,13.1285000
"TIC 461239485","HAT-P-27 b","HAT-P-27",3.03957700000,1.6800000,1.43000000,2455407.90880000,11.43000000,0.864673,222.7673221,5.9473626,199.17300000,11.4063000
"TIC 440113053","Qatar-4 b","Qatar-4",1.80535640000,2.1384000,1.90200000,2457637.77361000,12.72221500,0.849000,4.8592750,44.0275965,329.03600000,12.8416000
"TIC 159217436","Kepler-207 b","Kepler-207",1.61186500000,2.9990000,0.00956000,2454966.57041000,1.57000000,1.588000,290.0305195,42.1660555,875.51900000,12.7362000
"TIC 159716174","Kepler-280 b","Kepler-280",2.13954200000,2.0200000,0.02661000,2454966.65260000,1.45000000,0.886000,291.3905325,42.1804735,780.36100000,13.9604000
"TIC 22233480","TOI-4438 b","TOI-4438",7.44629500000,1.9200000,0.40457242,2459396.41069000,2.40000000,0.365000,270.3172389,35.5948992,30.03460000,11.2695000
"TIC 63001143","Kepler-111 b","Kepler-111",3.34181500000,2.7690000,0.01782000,2454974.35574000,1.58000000,1.157000,291.6531630,44.6882613,657.22300000,12.9937000
"TIC 63120970","Kepler-343 b","Kepler-343",8.96855000000,4.3260000,0.02343000,2454972.38991000,2.41000000,1.433000,291.9606620,42.4329567,927.19300000,13.6500000
"TIC 178709444","TOI-762 A b","TOI-762 A",3.47168260000,1.3890000,3.06246435,2459850.25847000,8.33948164,0.425000,166.0747423,-47.8214964,98.44580000,13.6615000
"TIC 273873718","Kepler-125 b","Kepler-125",4.16438900000,1.7980000,0.25291000,2455004.08676000,2.37000000,0.512000,298.2581101,47.6050031,183.36500000,13.7744000
"TIC 351898154","Kepler-311 b","Kepler-311",9.17609200000,4.3420000,0.02069000,2454971.71740000,1.70000000,1.188000,282.0612731,47.0854984,778.65400000,13.3373000
"TIC 271546191","Kepler-345 c","Kepler-345",9.38742700000,1.5550000,0.03959000,2454970.38084000,1.20000000,0.623000,295.2288521,45.9710432,260.00000000,13.2971000
"TIC 159217436","Kepler-207 c","Kepler-207",3.07157100000,4.0770000,0.00908000,2454966.30425000,1.50000000,1.588000,290.0305195,42.1660555,875.51900000,12.7362000
"TIC 271964647","Kepler-119 c","Kepler-119",4.12510300000,2.8400000,0.01147000,2454966.64137000,0.92000000,0.839000,295.9463854,42.6588324,701.99600000,13.6953000
"TIC 121603794","Kepler-130 b","Kepler-130",8.45745800000,3.2480000,0.00834000,2454972.06666000,1.02000000,1.127000,288.4505905,40.2452006,316.66300000,11.4096000
"TIC 48419097","Kepler-301 b","Kepler-301",2.50855300000,2.2940000,0.02116000,2454968.01010000,1.35000000,0.900000,283.9829040,49.2329512,719.16600000,13.7958000
"TIC 28089143","Kepler-133 b","Kepler-133",8.12997600000,2.0710000,0.01489000,2454958.97047000,1.76000000,1.425000,297.2778906,48.3203542,653.60000000,12.3573000
"TIC 122716806","Kepler-157 b","Kepler-157",1.73234200000,2.1860000,0.01824000,2454967.53020000,1.32000000,1.044000,291.0972257,38.8756049,773.71300000,13.5838000
"TIC 273036401","Kepler-162 b","Kepler-162",6.91979800000,3.3390000,0.01701000,2454967.11914000,1.26000000,0.958000,297.2789115,43.7239693,855.64100000,13.7224000
"TIC 27011135","Kepler-114 c","Kepler-114",8.04100000000,2.6319000,0.05904000,2454976.03894500,1.60000000,0.540000,294.1214820,48.3497977,259.53300000,13.0237000
"TIC 159521326","Kepler-213 c","Kepler-213",4.82296200000,0.8280000,0.03321000,2454967.43649000,2.34000000,1.195000,290.8241931,44.6472832,634.93900000,13.1409000
"TIC 352007758","Kepler-211 b","Kepler-211",4.13857500000,2.2260000,0.02677000,2454965.01632000,1.26000000,0.816000,285.4391183,43.1685051,309.35300000,12.7099000
"TIC 137636895","Kepler-356 b","Kepler-356",4.61269600000,2.9720000,0.01332000,2454965.77463000,1.57000000,1.335000,292.4210998,37.6827919,707.55900000,12.5639000
"TIC 158559417","Kepler-387 b","Kepler-387",6.79163600000,3.1970000,0.01026000,2454969.48730000,1.03000000,1.046000,287.7982699,45.6567655,801.05200000,13.5240000
"TIC 258349590","Kepler-363 c","Kepler-363",7.54242700000,4.9000000,0.01325000,2454965.95422000,1.69000000,1.485000,283.1920779,41.3054172,762.59600000,12.8016000
"TIC 271355638","Kepler-163 b","Kepler-163",7.81093700000,3.3590000,0.01267000,2454965.30430000,1.05000000,0.917000,295.0027458,46.9873389,689.81400000,13.8769000
"TIC 137340986","Kepler-390 b","Kepler-390",6.73808800000,2.3770000,0.00929000,2454966.32269000,0.82000000,0.776000,291.6288086,41.2088351,435.27700000,13.3740000
"TIC 258349590","Kepler-363 b","Kepler-363",3.61456800000,3.4010000,0.00648000,2454967.69656000,1.16000000,1.485000,283.1920779,41.3054172,762.59600000,12.8016000
"TIC 378160351","Kepler-173 b","Kepler-173",4.26374200000,2.2610000,0.01831000,2454966.72031000,1.29000000,0.949000,294.6466171,41.8840952,833.16500000,13.8071000
"TIC 273681580","Kepler-141 c","Kepler-141",7.01060600000,2.9860000,0.03484000,2455007.57599000,1.41000000,0.787000,297.9707271,47.7316041,301.18300000,12.8049000
"TIC 158487888","Kepler-140 b","Kepler-140",3.25427000000,2.9780000,0.01603000,2455005.66151000,1.61000000,1.288000,287.3694056,46.7681473,583.85900000,12.5558000
"TIC 158796434","Kepler-392 b","Kepler-392",5.34185300000,3.0430000,0.00705000,2454969.30141000,1.00000000,1.129000,288.6608260,43.3681938,681.42800000,13.0290000
"TIC 159716174","Kepler-280 c","Kepler-280",4.80709100000,0.9010000,0.04505000,2454967.64249000,2.01000000,0.886000,291.3905325,42.1804735,780.36100000,13.9604000
"TIC 270956861","Kepler-326 c","Kepler-326",4.58035800000,2.1420000,0.03083000,2454967.07605000,1.40000000,0.801000,294.3255898,46.0022646,487.67500000,13.0846000
"TIC 159580535","Kepler-393 b","Kepler-393",9.18241700000,4.3430000,0.00847000,2454967.04813000,1.29000000,1.382000,290.9952050,45.1921880,881.40400000,12.8235000
"TIC 159226052","Kepler-337 c","Kepler-337",9.69320100000,5.5090000,0.01418000,2454965.81150000,2.05000000,1.761000,290.0605123,47.1639533,677.97500000,12.2449000
"TIC 123415819","Kepler-137 b","Kepler-137",8.43638700000,3.2170000,0.03455000,2455012.88640000,1.47000000,0.802000,282.1355875,43.0391951,302.97900000,12.4081000
"TIC 48132154","Kepler-380 b","Kepler-380",3.93082100000,2.9620000,0.01014000,2454968.19896000,1.19000000,1.224000,282.3947017,48.7591334,813.71300000,13.2133000
"TIC 349972412","TOI-4504 b","TOI-4504",2.42615160000,2.1344641,0.07548303,2458395.53008100,2.65000000,0.930000,114.4673065,-62.0782776,342.60500000,12.5542000
"TIC 382602147","TOI-2384 b","TOI-2384",2.13570304000,1.8910000,2.92726185,2459591.99589000,11.48920522,0.611300,36.1561463,-65.0001957,191.51000000,13.3147000
"TIC 137155210","Kepler-398 b","Kepler-398",4.08142300000,2.2870000,0.01633000,2454966.85795000,0.93000000,0.613000,291.4688524,40.3437001,177.35500000,12.5199000
"TIC 273681580","Kepler-141 b","Kepler-141",3.10767500000,2.2180000,0.00774000,2454965.63058000,0.69000000,0.787000,297.9707271,47.7316041,301.18300000,12.8049000
"TIC 122707140","Kepler-400 b","Kepler-400",9.02438900000,3.1280000,0.02149000,2454966.53848000,1.65000000,1.145000,290.9444679,40.4800528,845.97000000,13.4029000
"TIC 122450088","Kepler-135 b","Kepler-135",6.00253000000,3.9520000,0.02020000,2455004.71611000,1.81000000,1.275000,290.4950939,38.7954956,621.85500000,12.2969000
"TIC 158725491","Kepler-402 c","Kepler-402",6.12482100000,3.4670000,0.01484000,2454967.93600000,1.56000000,1.264000,288.3701976,43.3546109,625.33900000,12.8187000
"TIC 258202719","Kepler-202 b","Kepler-202",4.06942700000,2.0670000,0.05491000,2455004.01577000,1.63000000,0.667000,282.9734874,41.3217991,285.11100000,13.1990000
"TIC 240178935","Kepler-217 c","Kepler-217",8.58600400000,3.3560000,0.01021000,2454970.96096000,1.85000000,1.799000,293.0377331,46.2775223,1104.64000000,12.7978000
"TIC 271052158","Kepler-314 b","Kepler-314",2.46106900000,2.2930000,0.00809000,2454966.31441000,0.83000000,0.950000,294.6741507,42.0756037,268.88100000,11.9838000
"TIC 399822422","Kepler-205 b","Kepler-205",2.75564000000,1.9480000,0.05464000,2455003.84454000,1.51000000,0.546000,285.2866912,41.8609357,159.72000000,12.7210000
"TIC 272601590","Kepler-361 b","Kepler-361",8.48661600000,5.1760000,0.01191000,2454971.01734000,1.45000000,1.343000,296.8034146,46.7411011,930.32000000,13.1225000
"TIC 271046140","Kepler-321 b","Kepler-321",4.91537900000,2.7250000,0.02285000,2454965.69543000,1.77000000,1.194000,294.4536991,44.1457626,384.54200000,12.2916000
"TIC 123313142","Kepler-322 b","Kepler-322",1.65388800000,1.6720000,0.01352000,2454965.19171000,1.01000000,0.890000,281.3487514,44.2952525,400.48000000,12.9875000
"TIC 378160351","Kepler-173 c","Kepler-173",8.00577700000,3.1290000,0.06578000,2455003.50340000,2.43000000,0.949000,294.6466171,41.8840952,833.16500000,13.8071000
"TIC 158725491","Kepler-402 d","Kepler-402",8.92109900000,3.8380000,0.01057000,2454970.49095000,1.38000000,1.264000,288.3701976,43.3546109,625.33900000,12.8187000
"TIC 137219378","Kepler-376 b","Kepler-376",4.92019900000,3.9150000,0.00810000,2454968.40794000,1.07000000,1.175000,291.6071451,38.4103192,923.06700000,13.3032000
"TIC 159226052","Kepler-337 b","Kepler-337",3.29278100000,4.7670000,0.00807000,2454966.00966000,1.54000000,1.761000,290.0605123,47.1639533,677.97500000,12.2449000
"TIC 158561894","Kepler-164 b","Kepler-164",5.03503000000,1.6490000,0.01601000,2454965.65465000,1.41000000,1.148000,287.7808115,47.6298453,890.75800000,13.8268000
"TIC 275575525","Kepler-320 b","Kepler-320",8.37155400000,4.0400000,0.00980000,2454970.67704000,1.14000000,1.108000,293.2135155,46.1751457,826.61300000,13.0599000
"TIC 120689253","Kepler-169 b","Kepler-169",3.25061900000,2.1350000,0.02184000,2454966.69209000,1.13000000,0.763000,285.9999204,40.9193822,406.52900000,13.5624000
"TIC 48419097","Kepler-301 c","Kepler-301",5.41902600000,2.2810000,0.02310000,2454964.64467000,1.35000000,0.900000,283.9829040,49.2329512,719.16600000,13.7958000
"TIC 120252452","Kepler-200 b","Kepler-200",8.59480500000,3.5340000,0.03365000,2455004.62998000,2.13000000,0.944000,284.4099503,41.2374928,665.91200000,13.4991000
"TIC 323094535","CoRoT-22 b","CoRoT-22",9.75598000000,4.4920000,,2454598.42014000,4.88000000,1.136000,280.6671392,6.2191669,627.15800000,13.2006000
"TIC 158626833","Kepler-192 b","Kepler-192",9.92674600000,3.7800000,0.07255000,2455008.68501000,2.74000000,1.007000,287.9179379,45.5928829,651.67400000,13.6013000
"TIC 48304653","Kepler-101 b","Kepler-101",3.48768120000,3.8750000,0.12988000,2455088.77995000,5.77000000,1.560000,283.2555070,48.3552474,927.98100000,13.0805000
"TIC 240178935","Kepler-217 b","Kepler-217",5.37494300000,4.0110000,0.01544000,2455003.93324000,2.23000000,1.799000,293.0377331,46.2775223,1104.64000000,12.7978000
"TIC 123495874","Kepler-422 b","Kepler-422",7.89144830000,4.2854000,1.06126000,2455010.25005000,12.89000000,1.240000,282.6296334,46.3232807,722.79500000,12.9934000
"TIC 271352188","Kepler-215 b","Kepler-215",9.36067200000,3.0350000,0.02365000,2455004.96719000,1.62000000,1.027000,294.9735313,45.2136867,485.99700000,13.0877000
"TIC 264508014","Kepler-424 b","Kepler-424",3.31186440000,1.3944000,0.59765000,2454964.74270000,9.98000000,0.940000,298.6249797,48.5774500,698.64600000,13.6920000
"TIC 272601375","Kepler-221 c","Kepler-221",5.69058600000,2.5220000,0.13720000,2455007.04865000,2.93000000,0.821000,296.6547477,46.8352242,385.23100000,13.1969000
"TIC 298834019","Kepler-113 b","Kepler-113",4.75400000000,2.5037000,0.07487000,2454961.54630000,1.82000000,0.690000,287.9978721,50.9441847,262.35100000,12.8077000
"TIC 2521105","Qatar-2 b","Qatar-2",1.33711647000,1.8098160,3.33350000,2455624.26709600,14.05600000,0.776000,207.6554928,-6.8040714,181.37400000,12.3164000
"TIC 159444082","Kepler-161 b","Kepler-161",4.92135500000,1.8730000,0.08001000,2455007.29899000,2.12000000,0.806000,290.5164698,43.0838642,434.63200000,13.5997000
"TIC 120629799","Kepler-98 b","Kepler-98",1.54168000000,1.9874000,0.02965000,2455003.54328000,1.99000000,1.110000,285.6616933,37.9645672,350.31500000,12.3704000
"TIC 63066101","Kepler-406 b","Kepler-406",2.42629000000,2.6339000,0.01854000,2455003.45680000,1.43000000,1.070000,291.8481764,44.9682807,364.03000000,12.0110000
"TIC 171882123","Kepler-48 b","Kepler-48",4.77800000000,2.7361000,0.04730000,2454957.06113000,1.88000000,0.890000,299.1393094,40.9489390,306.73800000,12.5074000
"TIC 159521326","Kepler-213 b","Kepler-213",2.46236000000,1.7680000,0.01801000,2455004.83986000,1.62000000,1.195000,290.8241931,44.6472832,634.93900000,13.1409000
"TIC 27916356","Kepler-6 b","Kepler-6",3.23469960000,3.5938500,1.08141000,2454954.48652800,14.61653600,1.391000,296.8372475,48.2399695,587.03900000,12.6877000
"TIC 158170594","Kepler-412 b","Kepler-412",1.72086040000,2.0345900,1.05413000,2454966.02122000,15.03126900,1.287000,286.1103053,43.6809612,1086.24000000,13.8046000
"TIC 351056774","Kepler-753 b","Kepler-753",5.74772501200,1.8222000,0.08201000,2454966.29818000,1.91000000,0.650000,291.9032411,37.9023677,274.76700000,13.7108000
"TIC 284326455","HAT-P-54 b","HAT-P-54",3.79984700000,1.8114914,2.54550850,2456299.30370000,10.58129600,0.617000,99.8979924,25.4824005,143.65100000,12.2341000
"TIC 233948455","TrES-5 b","TrES-5",1.48224686000,1.5950000,2.19200000,2456458.59219000,13.38354600,0.868000,305.2219454,59.4489033,360.31300000,12.8830000
"TIC 158324245","KOI-13 b","KOI-13",1.76358800000,3.1687700,0.45906000,2454953.56596000,16.94800800,1.740000,286.9713876,46.8682463,519.09600000,10.2306000
"TIC 248075138","WASP-42 b","WASP-42",4.98168190000,2.8903200,1.81100000,2455650.56728000,12.57649800,0.892000,192.9812030,-42.0736165,177.29100000,11.3728000
"TIC 138644215","Kepler-76 b","Kepler-76",1.54492980000,1.4278400,0.59150000,2454966.54841000,15.24424000,1.320000,294.1921185,39.6189727,822.96000000,12.8939000
"TIC 268823307","Kepler-5 b","Kepler-5",3.54846570000,4.5690400,0.72515000,2454955.90144000,15.98403400,1.793000,299.4070341,44.0350387,899.77700000,12.7655000
"TIC 121660904","Kepler-7 b","Kepler-7",4.88548920000,5.1313000,0.75693000,2454967.27687000,18.18099800,1.966000,288.5814928,41.0897335,922.56200000,12.4532000
"TIC 56399553","K2-29 b","K2-29",3.25883210000,2.2200000,1.90110000,2453219.00950000,13.33871000,0.860000,62.6704220,24.4016558,178.47500000,11.5476000
"TIC 122682991","Kepler-773 b","Kepler-773",3.74910006100,1.8438000,0.01826000,2454968.10921000,1.43000000,1.010000,290.8846217,38.0575539,547.02600000,12.8352000
"TIC 17746821","HAT-P-50 b","HAT-P-50",3.12201090000,3.6744000,0.63049170,2456285.90993000,14.43719200,1.698000,118.0634379,12.1393474,515.45800000,11.3155000
"TIC 162689341","WASP-92 b","WASP-92",2.17467420000,2.7672000,1.25400000,2456381.28340000,16.37634900,1.341000,246.6920395,51.0411328,575.88900000,12.4230000
"TIC 240681314","WASP-93 b","WASP-93",2.73253210000,2.2344000,1.09700000,2456079.56420000,17.90077300,1.524000,9.4587443,51.2887780,370.28400000,10.6496000
"TIC 27534138","Kepler-450 d","Kepler-450",7.51464000000,4.9650000,0.00316000,2454969.17528000,0.83700000,1.641620,295.4865821,51.0135237,455.98200000,11.2877000
"TIC 231663901","WASP-46 b","WASP-46",1.43036763000,1.6165994,1.89607123,2455392.31659000,13.15936600,0.858000,318.7370122,-55.8718634,375.31000000,12.4069000
"TIC 271042217","Kepler-41 b","Kepler-41",1.85555820000,2.4341000,1.10373000,2455187.28048200,14.46000000,1.290000,294.5132465,45.9816453,1093.08000000,13.9174000
"TIC 96847781","HATS-8 b","HATS-8",3.58389300000,3.0312000,0.77275058,2456672.11020000,9.78545700,1.086000,294.9416887,-25.7483655,794.63700000,13.8205000
"TIC 236887394","Qatar-1 b","Qatar-1",1.42002420000,1.6610400,2.14000000,2456234.10321800,12.81188700,0.803000,303.3818697,65.1623313,185.61500000,11.8478000
"TIC 137881699","HAT-P-66 b","HAT-P-66",2.97208600000,4.6992000,0.64400000,2457258.79907000,17.82231000,1.881000,150.5726262,53.9508237,935.45600000,12.5119000
"TIC 77202722","WASP-89 b","WASP-89",3.35642270000,2.4600000,1.49000000,2456207.02114000,11.65736000,0.880000,313.9000261,-18.9714084,290.94600000,12.4035000
"TIC 394172596","Kepler-444 b","Kepler-444",3.60010530000,2.0452000,0.00275000,2454966.25990000,0.40300000,0.752000,289.7528323,41.6318840,36.43960000,8.1115000
"TIC 394172596","Kepler-444 e","Kepler-444",7.74349300000,2.7852000,0.00513000,2454968.09270000,0.54600000,0.752000,289.7528323,41.6318840,36.43960000,8.1115000
"TIC 13349647","WASP-36 b","WASP-36",1.53736596000,1.8158400,1.78286195,2455569.83771000,14.87434300,0.985000,131.5803897,-8.0269855,386.34600000,12.2120000
"TIC 289793076","HATS-13 b","HATS-13",3.04404990000,2.6347200,2.28070102,2456340.31705000,13.58530800,0.887000,316.9614798,-26.0967205,421.85500000,13.1630000
"TIC 29344935","HATS-14 b","HATS-14",2.76676410000,2.6421600,1.49474388,2456408.76462000,11.64615100,0.933000,313.2154754,-25.6873756,513.01100000,13.2366000
"TIC 459730973","WASP-90 b","WASP-90",3.91624300000,3.3552000,0.71000000,2456235.56390000,18.27067000,1.980000,315.5319489,7.0562793,466.43300000,11.0700000
"TIC 48506505","Kepler-447 b","Kepler-447",7.79430132000,1.1350000,0.33874000,2454970.25977800,18.49000000,1.050000,285.2685283,48.5598835,268.04100000,11.8933000
"TIC 139106731","Kepler-908 b","Kepler-908",1.34059746800,1.6085000,0.01098000,2454965.24442000,1.22000000,1.120000,295.3225434,39.3764624,290.84300000,11.0249000
"TIC 271430916","Kepler-499 b","Kepler-499",5.63252845300,2.1530000,0.06539000,2454966.81794200,2.17000000,0.830000,295.1099549,43.9151012,556.72600000,13.7629000
"TIC 272178989","Kepler-910 b","Kepler-910",2.36436901500,3.2852000,0.00288000,2454965.25006000,0.82000000,1.500000,296.0472937,42.7429414,400.28900000,11.1493000
"TIC 138574253","Kepler-923 b","Kepler-923",6.93366476000,4.3220000,0.01196000,2454970.07236000,1.38000000,1.260000,294.1710831,40.0551372,1000.28000000,13.5702000
"TIC 164725204","Kepler-465 b","Kepler-465",9.94067246600,3.9006000,0.05238000,2454968.21507300,2.95000000,1.290000,284.5557853,46.0638865,553.07700000,12.2404000
"TIC 120355363","Kepler-826 b","Kepler-826",4.48758907000,2.8308000,0.01120000,2454966.36175000,1.25000000,1.150000,284.8601128,39.2405076,779.59600000,12.9814000
"TIC 271760755","Kepler-743 b","Kepler-743",3.17926292100,1.0248000,0.02064000,2455094.84238900,1.21000000,0.850000,295.5742300,42.8064255,278.98700000,12.0356000
"TIC 159384648","Kepler-498 b","Kepler-498",9.61375356000,4.7305000,0.07979000,2454965.18509000,3.03000000,0.960000,290.3581592,44.5187225,938.84400000,13.7860000
"TIC 122712179","Kepler-901 b","Kepler-901",3.51749439400,1.4847000,0.05610000,2454968.54657000,1.37000000,0.570000,291.1528056,40.8876814,253.86700000,13.8791000
"TIC 239227652","Kepler-755 b","Kepler-755",1.26909037400,1.5736000,0.03409000,2454966.34400600,1.76000000,0.770000,296.8609348,41.0973178,399.03400000,13.4250000
"TIC 158215023","Kepler-886 b","Kepler-886",6.24146367000,3.0771000,0.01637000,2454967.88704000,1.52000000,1.160000,286.2717162,43.5952037,711.29700000,13.4840000
"TIC 121789066","Kepler-904 b","Kepler-904",3.02166863200,2.7580000,0.01719000,2454966.47672000,1.77000000,1.250000,288.8229001,40.3890100,978.12500000,13.9569000
"TIC 159225367","Kepler-905 b","Kepler-905",5.08274651700,1.7354000,0.02767000,2454966.21095000,1.41000000,0.860000,290.0511468,46.7134077,529.26800000,13.4398000
"TIC 48505882","Kepler-815 b","Kepler-815",8.57503552000,8.5450000,0.01606000,2454973.13883000,4.11000000,3.420000,285.2211238,47.8813037,1259.28000000,12.6392000
"TIC 27644083","Kepler-466 c","Kepler-466",3.70921384600,2.5575000,0.01311000,2454966.98373000,1.25000000,1.050000,295.6486585,48.4955191,530.12200000,12.3357000
"TIC 271158747","Kepler-882 b","Kepler-882",3.98953966600,1.5403000,0.01900000,2454967.09980000,1.23000000,0.870000,294.6500256,43.3356106,504.60500000,13.5343000
"TIC 351803495","Kepler-880 b","Kepler-880",7.71468975000,4.2955000,0.02145000,2454966.55478000,2.66000000,1.740000,281.9712347,43.6727839,601.32400000,11.6748000
"TIC 63210391","Kepler-474 b","Kepler-474",5.66067293500,4.6722000,0.07378000,2454970.41550100,3.06000000,1.080000,292.3215174,43.8811723,841.49600000,13.0027000
"TIC 137211068","Kepler-775 b","Kepler-775",0.97486892600,1.5975000,0.01976000,2454966.07617700,1.19000000,0.840000,291.4332781,41.7033162,398.67600000,12.9540000
"TIC 271968263","Kepler-500 b","Kepler-500",8.50832439800,3.5033000,0.06521000,2454967.78661400,2.58000000,1.030000,295.9513472,43.8519884,807.48000000,13.6870000
"TIC 26417717","Kepler-808 b","Kepler-808",0.63133235300,1.1076000,0.04345000,2454966.94403400,1.46000000,0.710000,291.5941514,48.4454907,321.00000000,13.6653000
"TIC 164555597","Kepler-732 c","Kepler-732",0.89304123600,1.1042000,0.07417000,2454967.54027700,1.27000000,0.460000,283.7317274,45.9585288,174.82600000,13.9669000
"TIC 158489095","Kepler-1049 b","Kepler-1049",3.27346073600,1.7732000,0.02690000,2454967.44686000,0.95000000,0.490000,287.3469567,47.7729078,162.00600000,13.2115000
"TIC 122450762","Kepler-975 b","Kepler-975",1.97034245700,1.7381000,0.04032000,2454964.94776200,1.48000000,0.750000,290.5485100,38.4952415,426.08800000,13.7862000
"TIC 159441326","Kepler-1054 b","Kepler-1054",4.30655689000,4.0697000,0.02570000,2454965.44215000,2.63000000,1.340000,290.6011085,44.5563604,1090.51000000,13.6390000
"TIC 121458495","Kepler-1139 b","Kepler-1139",0.81316671900,1.4276000,0.01782000,2454964.82534000,1.19000000,0.910000,287.9455985,39.2305281,495.15600000,13.5739000
"TIC 63074840","Kepler-1003 b","Kepler-1003",3.55485691500,2.1026000,0.02329000,2454964.80397000,1.78000000,1.170000,292.0204349,44.8762427,941.90200000,13.5821000
"TIC 159440697","Kepler-1055 b","Kepler-1055",2.29503623300,1.6459000,0.01707000,2454965.69278000,1.23000000,0.940000,290.4867838,44.9325410,389.39700000,12.6031000
"TIC 27914290","Kepler-998 b","Kepler-998",5.65377733000,1.9612000,0.03668000,2454964.71214000,2.32000000,1.180000,296.7541629,49.2087085,986.36400000,13.8748000
"TIC 237188153","Kepler-1017 b","Kepler-1017",7.23400469000,2.1648000,0.04924000,2454970.67728000,1.99000000,0.870000,283.4692990,40.1325185,552.05800000,13.5818000
"TIC 120418600","Kepler-974 b","Kepler-974",4.19449651400,1.8482000,0.07450000,2454967.13429000,1.57000000,0.500000,285.0131082,40.2209547,134.31100000,13.3179000
"TIC 63072565","Kepler-1072 b","Kepler-1072",1.56906650200,2.7835000,0.01472000,2454966.04048000,1.58000000,1.320000,292.0443891,46.3289723,982.71600000,13.4318000
"TIC 28159194","Kepler-1004 b","Kepler-1004",5.28789787000,8.5280000,0.03439000,2454968.36353000,6.28000000,3.390000,297.3593427,49.7975464,1152.68000000,12.7216000
"TIC 299159378","Kepler-997 b","Kepler-997",2.70730671600,3.4623000,0.00737000,2454965.43096000,1.36000000,1.560000,289.2333767,49.9388952,467.56800000,11.4594000
"TIC 120105003","Kepler-971 b","Kepler-971",9.59070716000,3.4847000,0.05548000,2454965.68117000,2.13000000,0.850000,284.0945699,41.1828131,338.52200000,12.6850000
"TIC 350814607","Kepler-968 b","Kepler-968",3.69298372800,1.7291000,0.07900000,2454965.73695200,2.00000000,0.700000,285.6025889,50.1120401,290.32400000,13.5348000
"TIC 137409907","Kepler-1029 b","Kepler-1029",4.41769647900,1.9161000,0.02792000,2454966.96117000,1.26000000,0.770000,292.1328738,41.5474786,366.65600000,13.6699000
"TIC 269032792","Kepler-999 b","Kepler-999",5.99185701700,1.6220000,0.01843000,2454969.88214000,2.34000000,1.650000,299.6604865,46.1984679,545.06300000,11.8208000
"TIC 158927791","Kepler-1035 b","Kepler-1035",2.71407755500,1.2618000,0.01435000,2454966.71203000,1.17000000,0.970000,289.0422430,42.8824991,562.11600000,12.5364000
"TIC 158552426","Kepler-1027 b","Kepler-1027",1.90780519900,1.8531000,0.01254000,2454964.64063000,0.89000000,0.820000,287.5711746,42.8138159,405.10400000,12.3237000
"TIC 275494505","Kepler-1002 b","Kepler-1002",4.33642933100,4.1031000,0.01092000,2454966.85599000,1.71000000,1.570000,293.0794629,43.0736770,408.30300000,11.2540000
"TIC 158215347","Kepler-1005 b","Kepler-1005",6.49801525000,2.3167000,0.01909000,2454969.00125000,1.50000000,1.060000,286.2858998,43.3205085,567.80600000,12.7409000
"TIC 164882482","Kepler-1130 b","Kepler-1130",5.45298175000,2.1051000,0.00941000,2454967.15102000,0.80000000,0.810000,285.2074210,45.3843330,249.34300000,11.8799000
"TIC 158983792","Kepler-994 b","Kepler-994",1.15116650600,1.1881000,0.06059000,2454966.23188500,1.60000000,0.540000,289.0720752,47.4069180,188.15800000,13.4895000
"TIC 164654277","Kepler-523 b","Kepler-523",5.83598311100,2.0601000,0.05468000,2455002.87514900,1.96000000,0.860000,284.0611224,45.5068127,253.29500000,11.9782000
"TIC 394176812","Kepler-1181 b","Kepler-1181",4.89337519000,3.3160000,0.01384000,2454966.64331000,1.57000000,1.300000,289.7473165,39.5234131,938.41700000,13.1137000
"TIC 267991349","Kepler-1189 b","Kepler-1189",3.78858982000,3.4920000,0.01359000,2454967.62270000,1.77000000,1.160000,298.4264116,47.9468194,782.85200000,13.7562000
"TIC 164830167","Kepler-1235 b","Kepler-1235",4.16055856000,2.6150000,0.00758000,2454965.27378000,0.79000000,0.900000,284.9030677,43.9540616,540.60400000,13.3661000
"TIC 121112251","Kepler-518 b","Kepler-518",8.51203587700,2.1916000,0.05738000,2455007.90979900,2.11000000,0.880000,287.0900190,41.3737576,337.90100000,12.0833000
"TIC 399955825","Kepler-1076 b","Kepler-1076",6.14727918000,2.7627000,0.01197000,2454967.87409000,0.80000000,0.740000,287.5902594,51.0606047,199.00000000,12.3078000
"TIC 298897851","Kepler-1193 b","Kepler-1193",2.83265213400,2.3844000,0.01147000,2454964.82631000,1.32000000,1.210000,288.1447323,51.2756446,802.11600000,12.9919000
"TIC 122066167","Kepler-1081 b","Kepler-1081",3.85691854700,1.9839000,0.01278000,2454967.47172000,1.01000000,0.840000,289.4447520,41.3179652,420.21500000,13.1644000
"TIC 271353794","Kepler-1087 b","Kepler-1087",0.69384285500,1.5236000,0.00493000,2454965.18012000,0.61000000,0.940000,294.9789253,46.0056741,362.62300000,12.3778000
"TIC 267749620","Kepler-1293 b","Kepler-1293",5.57654784000,3.7450000,0.00581000,2454969.42771000,0.97000000,1.280000,290.0258783,48.3359227,1028.16000000,12.9213000
"TIC 416266465","Kepler-1213 b","Kepler-1213",5.34982412000,4.2090000,0.00888000,2454966.88038000,1.19000000,1.210000,289.4858423,50.9441967,807.81200000,12.9266000
"TIC 406950324","Kepler-1163 b","Kepler-1163",6.11786898000,3.4700000,0.00594000,2454966.61609000,1.03000000,1.350000,290.2358630,50.0300654,478.64700000,11.7557000
"TIC 63009789","Kepler-1100 b","Kepler-1100",6.42200058000,2.6602000,0.01666000,2454967.58093000,1.75000000,1.340000,291.8713535,44.0873907,693.61800000,13.3971000
"TIC 271354748","Kepler-1169 b","Kepler-1169",6.11009134000,2.4470000,0.00643000,2454969.91300000,0.94000000,1.230000,294.9115874,46.4914718,522.82300000,12.2748000
"TIC 138888759","Kepler-1171 b","Kepler-1171",1.44259224000,3.0151000,0.01745000,2454967.07220000,2.56000000,1.950000,294.9589285,38.5915968,573.00000000,11.1720000
"TIC 399826741","Kepler-1270 b","Kepler-1270",6.03356196000,10.2640000,0.00895000,2454970.11912000,3.32000000,3.380000,286.7156676,48.6452552,1095.05000000,12.6894000
"TIC 275573295","Kepler-804 c","Kepler-804",9.65185017000,4.4570000,0.01032000,2454965.15945000,1.14000000,1.050000,293.3722109,44.7851812,649.65000000,13.2823000
"TIC 120825510","Kepler-1271 b","Kepler-1271",3.02559550000,2.9592000,0.01283000,2454967.36450000,1.48000000,1.230000,286.3442954,37.4119347,831.99100000,13.4436000
"TIC 164658882","Kepler-1179 b","Kepler-1179",2.68505749200,1.0229000,0.02680000,2454965.60411000,1.32000000,0.810000,284.0974305,47.8104856,415.20500000,13.5109000
"TIC 159382189","Kepler-1152 b","Kepler-1152",1.64680190800,1.2561000,0.03054000,2454965.06060000,0.87000000,0.530000,290.4341483,44.1077802,215.23300000,13.6628000
"TIC 351192037","Kepler-535 b","Kepler-535",4.90332155100,2.8699000,0.03425000,2455005.90071300,2.36000000,1.270000,296.5666587,49.6961742,685.59900000,12.7170000
"TIC 28234096","Kepler-536 b","Kepler-536",1.82708229900,1.9566600,0.11647000,2455003.52576400,3.10000000,0.890000,297.7363605,49.6371010,462.32200000,13.2255000
"TIC 137968594","Kepler-758 e","Kepler-758",8.19347190000,5.0470000,0.01154000,2454971.99210000,1.53000000,1.420000,293.0846115,41.1354049,1502.32000000,13.9522000
"TIC 164778883","Kepler-1328 b","Kepler-1328",4.52158888000,3.4897000,0.01062000,2454966.21655000,0.98000000,0.990000,284.6753857,44.4177225,813.54300000,13.3383000
"TIC 158840095","Kepler-1371 b","Kepler-1371",3.44620390000,2.0010000,0.00835000,2454965.23052000,0.73000000,0.830000,288.8314251,47.5519753,515.33400000,13.3037000
"TIC 120627712","Kepler-1373 b","Kepler-1373",1.29123275000,1.8760000,0.00660000,2454964.98938000,1.16000000,1.330000,285.7520229,39.2491731,1699.46000000,13.6801000
"TIC 159106207","Kepler-1311 c","Kepler-1311",2.53573424000,3.9410000,0.00680000,2454966.01410000,1.22000000,1.400000,289.6512597,43.8244445,866.33100000,12.8600000
"TIC 48354224","Kepler-1339 b","Kepler-1339",1.34155512700,1.7009000,0.00582000,2454965.73880000,0.71000000,0.930000,283.7457695,48.3734690,371.04900000,11.6969000
"TIC 120253552","Kepler-1370 c","Kepler-1370",7.44142113000,4.7310000,0.00884000,2454970.74550000,1.27000000,1.290000,284.5656897,41.7784781,1004.10000000,13.2588000
"TIC 158108219","Kepler-529 b","Kepler-529",1.98035766300,2.4332000,0.02719000,2455003.13902600,1.86000000,1.140000,285.8884067,47.8803640,799.00800000,13.3433000
"TIC 158394286","Kepler-1344 b","Kepler-1344",4.76830490000,3.2517000,0.02518000,2454967.86210000,1.84000000,1.130000,287.0862799,46.9457998,853.95900000,13.6036000
"TIC 120255638","Kepler-1393 b","Kepler-1393",2.44357812000,1.8220000,0.00673000,2454965.80540000,0.80000000,0.920000,284.4594558,40.1424756,544.45600000,12.8778000
"TIC 123495717","Kepler-1385 b","Kepler-1385",2.88879862000,2.9810000,0.00409000,2454965.33156000,0.85000000,1.290000,282.6313559,46.4810220,688.79500000,12.3751000
"TIC 27239111","Kepler-1398 b","Kepler-1398",2.78815679000,3.3260000,0.00558000,2454964.85216000,0.90000000,1.180000,294.8661073,48.6389923,852.20400000,13.2482000
"TIC 63284044","Kepler-1387 b","Kepler-1387",2.27952665600,1.5920000,0.01268000,2454966.35773000,0.93000000,0.770000,292.4403029,43.2093456,455.35800000,13.9551000
"TIC 27239111","Kepler-1398 c","Kepler-1398",4.13827595000,3.4490000,0.00638000,2454966.22851000,1.03000000,1.180000,294.8661073,48.6389923,852.20400000,13.2482000
"TIC 270609625","Kepler-1351 b","Kepler-1351",0.91614076800,1.1495000,0.00985000,2454965.02275000,0.65000000,0.670000,293.6084289,42.1978746,202.78200000,13.3387000
"TIC 264508835","Kepler-1390 b","Kepler-1390",6.48021673000,3.2110000,0.01420000,2454965.85971000,1.18000000,0.980000,298.6624419,48.2488659,723.43100000,13.8982000
"TIC 120693011","Kepler-1308 b","Kepler-1308",2.10433811900,1.1028000,0.02421000,2454966.31479000,0.52000000,0.340000,285.9287514,38.5207097,112.70500000,13.3183000
"TIC 290034960","Kepler-1352 b","Kepler-1352",1.87788274800,2.3270000,0.00475000,2454965.26191000,0.89000000,1.160000,290.6937988,48.7014417,670.82900000,12.8384000
"TIC 120043638","Kepler-1310 b","Kepler-1310",0.67933627200,1.1783000,0.02585000,2454965.85733100,1.44000000,0.880000,283.9200236,40.7400419,569.18500000,13.6217000
"TIC 137899873","Kepler-1312 b","Kepler-1312",5.44832528600,2.2251000,0.05294000,2454965.49031000,2.10000000,0.920000,292.9712801,41.0357494,299.10400000,11.9163000
"TIC 63213622","Kepler-1313 b","Kepler-1313",3.83309117800,1.3720000,0.04614000,2454964.63409000,1.76000000,0.850000,292.3885820,42.2332767,174.23400000,11.2692000
"TIC 27846759","Kepler-1611 b","Kepler-1611",5.17624290000,5.1500000,0.00787000,2454966.74370000,0.81000000,0.930000,296.5120204,49.7277506,908.44400000,13.8937000
"TIC 272843289","Kepler-1543 b","Kepler-1543",6.96710269000,3.6430000,0.02353000,2454971.24152000,2.71000000,1.650000,297.1242915,47.0369876,921.78400000,13.0627000
"TIC 159180076","Kepler-1613 b","Kepler-1613",1.51842990000,3.4140000,0.01968000,2454965.13100000,2.08000000,1.120000,289.8750066,43.4209318,1508.33000000,13.6493000
"TIC 138969239","Kepler-633 b","Kepler-633",8.50340718000,2.8346000,0.01889000,2455003.86761000,1.63000000,1.150000,295.2173259,40.5921599,680.54000000,13.1170000
"TIC 122063843","Kepler-629 b","Kepler-629",7.23858540000,3.1069000,0.02758000,2455004.21900000,1.38000000,0.840000,289.4179128,39.9450757,372.05000000,12.8312000
"TIC 158326744","Kepler-1165 b","Kepler-1165",9.47852200000,6.2230000,0.01846000,2454973.16662000,1.55000000,1.180000,286.9712284,44.7082669,1575.20000000,13.9708000
"TIC 26656768","Kepler-1587 b","Kepler-1587",9.40604670000,5.1610000,0.00795000,2454970.71750000,1.33000000,1.220000,292.6777294,49.6638666,1026.48000000,13.5970000
"TIC 138959504","Kepler-579 b","Kepler-579",9.66857723000,2.3709000,0.04117000,2455007.53475000,2.00000000,0.960000,295.0020771,39.9528613,530.76500000,13.7392000
"TIC 138569175","Kepler-541 b","Kepler-541",5.08005848000,5.2587000,0.02228000,2455007.42776000,3.36000000,2.060000,294.1496529,38.4582070,1060.68000000,12.7630000
"TIC 158322085","Kepler-1558 b","Kepler-1558",3.50470358000,2.0100000,0.00907000,2454966.72494000,0.68000000,0.790000,286.8194349,46.9117837,325.73700000,13.0048000
"TIC 159647919","Kepler-1435 b","Kepler-1435",4.45343281000,3.7960000,0.00474000,2454966.09366000,0.86000000,1.320000,291.1732806,44.9210836,704.21100000,12.5194000
"TIC 63213956","Kepler-1559 b","Kepler-1559",0.97191542800,1.6290000,0.00737000,2454965.16475000,0.72000000,0.820000,292.2866565,42.0725948,614.82700000,13.9378000
"TIC 164525743","Kepler-1443 b","Kepler-1443",2.41811321000,2.1940000,0.00458000,2454965.38281000,0.97000000,1.270000,283.4357392,47.0667983,593.64600000,11.8483000
"TIC 158730471","Kepler-1598 b","Kepler-1598",4.34195123000,2.6960000,0.00772000,2454967.18495000,0.95000000,1.090000,288.4691070,46.7836464,619.86200000,13.3692000
"TIC 299028607","Kepler-1563 b","Kepler-1563",3.43276598000,4.1560000,0.00632000,2454965.91355000,0.75000000,0.990000,288.5735936,51.4727698,616.69700000,13.0836000
"TIC 237191392","Kepler-1566 b","Kepler-1566",0.53991523800,1.1390000,0.00970000,2454964.55175000,0.79000000,0.810000,283.5875459,40.5749018,466.58600000,13.7552000
"TIC 158423850","Kepler-605 c","Kepler-605",2.35895151500,1.6330000,0.00941000,2454965.69119000,0.86000000,0.880000,287.2954015,43.2798677,556.58000000,13.6145000
"TIC 185062313","Kepler-1571 b","Kepler-1571",3.38555488000,1.9140000,0.01160000,2454966.97796000,1.52000000,1.390000,300.9354067,45.5964836,675.30300000,13.2367000
"TIC 123413463","Kepler-1572 b","Kepler-1572",5.49548621000,2.5110000,0.00858000,2454966.63773000,0.94000000,0.950000,281.8973341,46.7227061,946.60200000,13.2975000
"TIC 240178935","Kepler-217 d","Kepler-217",3.88689525000,3.6580000,0.00583000,2454965.49387000,1.32000000,1.760000,293.0377331,46.2775223,1104.64000000,12.7978000
"TIC 137414304","Kepler-625 c","Kepler-625",4.16536510000,3.2895000,0.01226000,2454965.04209000,1.05000000,0.960000,292.1504723,39.6375254,760.70800000,12.8255000
"TIC 123445166","Kepler-653 c","Kepler-653",0.90037647600,1.3930000,0.00414000,2454966.11875000,0.78000000,1.190000,282.2130447,46.7177898,595.63400000,12.8615000
"TIC 121734474","Kepler-578 b","Kepler-578",1.61688369600,1.5845000,0.04599000,2455002.80348400,2.00000000,0.830000,288.7549882,39.5636960,541.43200000,13.8543000
"TIC 48353902","Kepler-1541 b","Kepler-1541",8.40691199000,1.8785000,0.02020000,2454966.42687000,1.16000000,0.810000,283.7870875,48.0296019,416.69200000,13.2444000
"TIC 121865123","Kepler-1576 b","Kepler-1576",6.98471973000,2.7230000,0.00907000,2454968.99535000,1.04000000,1.060000,289.0739641,40.3660239,460.91000000,12.8479000
"TIC 137089993","Kepler-634 b","Kepler-634",5.16950177000,4.5070000,0.02106000,2455003.31319000,1.89000000,1.240000,291.1950900,40.7027352,888.02700000,13.0982000
"TIC 267673944","Kepler-1522 b","Kepler-1522",1.84788917100,1.8934000,0.03233000,2454965.19975000,1.73000000,0.930000,289.8432347,52.0702094,814.12500000,13.7178000
"TIC 63006978","Kepler-641 b","Kepler-641",9.48961571000,3.5282000,0.02622000,2455004.92913000,1.85000000,1.130000,291.8235292,42.5161945,969.91800000,13.2772000
"TIC 184559893","Kepler-1626 b","Kepler-1626",4.13962966000,3.2840000,0.01109000,2454967.04165000,2.02000000,1.850000,296.5004384,40.7212069,1368.83000000,13.8350000
"TIC 120105470","Kepler-1627 b","Kepler-1627",7.20283653000,2.8860000,0.18326000,2454968.19376000,3.69000000,0.840000,284.0566675,41.5767277,317.43700000,12.5267000
"TIC 270705735","Kepler-642 b","Kepler-642",4.41745855000,2.9563000,0.02920000,2455003.79162000,2.90000000,1.660000,293.8345542,42.6249480,781.58200000,12.9234000
"TIC 298892283","Kepler-1530 b","Kepler-1530",2.59044340000,2.1618000,0.03309000,2454965.28710000,1.64000000,0.880000,288.1624396,48.1651530,489.87600000,13.4865000
"TIC 298892283","Kepler-1530 c","Kepler-1530",5.32274060000,2.5710000,0.03424000,2454966.22030000,1.65000000,0.880000,288.1624396,48.1651530,489.87600000,13.4865000
"TIC 120424814","Kepler-1531 b","Kepler-1531",1.13854337600,2.0922000,0.00662000,2454965.46572000,1.11000000,1.270000,285.1466220,39.3708055,666.33400000,12.7719000
"TIC 158785055","Kepler-969 c","Kepler-969",1.68293460400,1.8737000,0.01462000,2454964.96803000,0.99000000,0.820000,288.3724989,47.9335642,390.35400000,13.1696000
"TIC 158423850","Kepler-605 b","Kepler-605",3.38353806600,1.4365000,0.02557000,2455002.63954000,1.44000000,0.880000,287.2954015,43.2798677,556.58000000,13.6145000
"TIC 63293562","Kepler-342 e","Kepler-342",1.64422461300,2.7822000,0.00478000,2454964.75113000,0.88000000,1.340000,292.6780488,46.7266813,781.61100000,12.7328000
"TIC 271669616","Kepler-644 b","Kepler-644",3.17391710300,3.5066000,0.03030000,2455003.92435000,3.15000000,1.810000,295.4757022,43.4931119,1318.05000000,13.5456000
"TIC 184015844","Kepler-1487 b","Kepler-1487",7.31946363000,4.8390000,0.01567000,2454970.21851000,2.13000000,1.630000,295.4980737,38.6444499,1014.62000000,13.0806000
"TIC 159763612","Kepler-1516 b","Kepler-1516",7.25931979000,6.1980000,0.02475000,2454964.71187000,1.75000000,1.070000,291.4945795,44.5234227,1358.95000000,13.9609000
"TIC 299029323","Kepler-1047 c","Kepler-1047",3.18897601000,2.4900000,0.00662000,2454966.52942000,0.99000000,1.130000,288.6462564,50.7889645,817.64700000,12.8429000
"TIC 158276273","Kepler-585 b","Kepler-585",2.75235975300,2.1154000,0.08194000,2455004.25974900,2.83000000,0.930000,286.5284924,43.8733751,585.18700000,13.5146000
"TIC 158171456","Kepler-547 b","Kepler-547",6.01038428900,2.2243000,0.27389000,2455007.08477100,4.00000000,0.730000,286.1185888,44.3452063,378.97200000,13.5605000
"TIC 120420633","Kepler-638 b","Kepler-638",6.07972888000,7.3431000,0.02898000,2455003.58397000,1.83000000,0.930000,284.9194213,41.6172093,991.21400000,12.9774000
"TIC 281459670","HATS-30 b","HATS-30",3.17435160000,2.7504000,1.54573248,2456629.76156000,13.17057500,1.061000,5.6185250,-59.9425892,342.14000000,11.6714000
"TIC 113979956","K2-88 b","K2-88",4.61220000000,1.0390000,0.21940000,2457066.21940000,1.23000000,0.256000,54.7514566,19.1199667,110.56100000,13.4274000
"TIC 120317234","Kepler-506 b","Kepler-506",6.88340550000,2.0651000,0.05034000,2455005.66260300,2.73000000,1.190000,284.6351885,40.7198296,228.43900000,10.4081000
"TIC 77044471","HATS-16 b","HATS-16",2.68650200000,2.6208000,1.21353375,2456824.79069000,14.57170000,1.238000,358.5588439,-30.0130385,757.04400000,13.2576000
"TIC 440687723","K2-89 b","K2-89",1.09602600000,0.8950000,0.03460000,2457066.00660000,0.61500000,0.318000,57.0671234,20.4594885,86.03860000,12.2653000
"TIC 56520147","K2-91 b","K2-91",1.41954900000,0.9450000,0.15650000,2457065.43190000,1.10000000,0.284000,63.2182348,24.2047218,62.57850000,13.0496000
"TIC 38064757","K2-5 b","K2-5",5.73594000000,2.6540000,0.14960000,2456808.86000000,1.91000000,0.570000,169.3034598,-1.8778254,202.94300000,13.5383000
"TIC 166833457","WASP-98 b","WASP-98",2.96264036000,1.9080000,2.57000000,2456333.39207500,12.82309600,0.741000,58.4290113,-34.3282716,281.74200000,12.3943000
"TIC 281886199","K2-16 b","K2-16",7.61880000000,2.4870000,0.10410000,2456811.68710000,2.02000000,0.660000,175.0972238,4.5574311,334.96700000,13.6771000
"TIC 38114658","K2-8 c","K2-8",5.06416000000,2.0800000,0.09930000,2456813.07070000,2.41000000,0.740000,169.7935178,-0.2844389,403.51300000,13.7067000
"TIC 380619414","WASP-85 A b","WASP-85 A",2.65567770000,2.5958400,1.87000000,2456847.47285600,13.89916000,0.935000,175.9080328,6.5637842,141.88700000,10.1500000
"TIC 466390120","WASP-114 b","WASP-114",1.54877430000,2.7820800,0.92700000,2456667.73582000,15.00885100,1.430000,327.6656953,10.4629385,523.33700000,12.0671000
"TIC 310003988","WASP-113 b","WASP-113",4.54216874538,4.2984000,0.80900000,2457197.09745900,15.79348100,1.608000,224.8728589,46.9600996,435.15600000,11.1910000
"TIC 164557035","Kepler-617 b","Kepler-617",1.68269614800,1.3800000,0.07038000,2455003.45297200,1.32000000,0.480000,283.7407247,47.5161237,173.35400000,13.7760000
"TIC 437703489","K2-58 b","K2-58",7.05254000000,1.8990000,0.10300000,2456986.97630000,2.68000000,0.860000,333.8218395,-14.0498570,181.74600000,11.5544000
"TIC 437703489","K2-58 c","K2-58",2.53726000000,1.9960000,0.03750000,2456982.12000000,1.62000000,0.860000,333.8218395,-14.0498570,181.74600000,11.5544000
"TIC 273376082","Kepler-550 b","Kepler-550",8.60010410900,4.0251000,0.29460000,2455005.52861900,4.42000000,0.830000,297.7001786,47.8637046,531.94400000,13.8959000
"TIC 269217040","KELT-10 b","KELT-10",4.16627390000,3.7440000,1.41600000,2457066.72045000,15.68139100,1.209000,284.5483823,-47.0033072,188.40400000,10.2748000
"TIC 158934047","Kepler-650 b","Kepler-650",3.03214558800,3.6764000,0.04886000,2455004.73475600,2.96000000,1.350000,289.0009451,45.1542968,884.37800000,13.6809000
"TIC 351766445","Kepler-1629 b","Kepler-1629",3.87595807000,2.2260000,0.00586000,2454967.84448000,0.77000000,1.010000,280.2066276,43.7743281,336.09000000,12.2563000
"TIC 38129680","K2-64 b","K2-64",6.53044000000,3.0600000,0.09500000,2456986.19180000,2.07000000,0.726000,332.4138478,-11.4286687,499.89100000,13.3920000
"TIC 61538902","WASP-129 b","WASP-129",5.74814500000,2.6856000,1.22594473,2457027.43730000,10.42437000,0.900000,176.2990518,-42.0639575,301.46200000,11.3743000
"TIC 92449173","WASP-133 b","WASP-133",2.17642300000,3.4392000,0.81146830,2457116.98740000,13.56289000,1.440000,314.5754375,-35.7966224,559.08400000,12.2247000
"TIC 39928614","K2-69 b","K2-69",7.06599000000,1.6200000,0.22100000,2456982.78250000,2.32000000,0.491000,335.7596816,-10.4886817,180.69700000,13.9796000
"TIC 38258419","K2-68 b","K2-68",8.05428000000,2.7200000,0.06680000,2456982.32810000,1.58000000,0.675000,334.0195539,-10.5673649,168.65200000,12.0287000
"TIC 27905500","Kepler-590 b","Kepler-590",5.85296257000,4.6003000,0.11465000,2455004.18227600,4.02000000,1.150000,296.3855467,48.2334177,1421.81000000,13.9433000
"TIC 250996363","K2-75 b","K2-75",7.81420000000,5.4800000,0.03920000,2456983.45100000,2.67000000,1.560000,338.8448960,-7.4698950,561.93000000,12.1492000
"TIC 437333618","HATS-25 b","HATS-25",4.29864320000,3.2040000,1.52757585,2456870.36872000,14.12334000,1.107000,207.9076746,-23.7812403,471.15800000,12.4720000
"TIC 315002523","HATS-26 b","HATS-26",3.30238810000,5.2152000,0.80276122,2456867.42320000,19.61575000,2.040000,144.9268593,-28.5856004,861.84300000,12.4257000
"TIC 248111245","HATS-27 b","HATS-27",4.63703800000,4.8312000,0.77659973,2457029.33740000,16.81350000,1.740000,193.5524603,-46.5877159,816.98800000,12.3335000
"TIC 242988068","K2-83 c","K2-83",9.99767000000,2.7700000,0.14620000,2457066.27030000,1.48300000,0.424000,59.9013782,15.5587994,125.52900000,12.8328000
"TIC 434133930","K2-84 b","K2-84",6.42150000000,2.8100000,0.08140000,2457071.42120000,2.41000000,0.930000,55.8093566,16.6344396,284.87600000,12.5186000
"TIC 407001624","Kepler-570 b","Kepler-570",4.30166200300,2.0699000,0.07605000,2455005.31029200,2.45000000,0.900000,290.4376111,48.7918597,568.14800000,13.7977000
"TIC 26078330","K2-178 b","K2-178",8.74781800000,3.4272000,0.14490000,2457070.33656000,3.55790985,0.887267,52.8888524,22.4348186,214.75300000,11.5840000
"TIC 268766053","WASP-53 b","WASP-53",3.30984430000,2.2676536,1.91588322,2455943.56695000,12.03846600,0.798000,31.9091639,-20.6618430,201.33800000,11.7617000
"TIC 206284139","K2-60 b","K2-60",3.00265000000,3.0800000,0.47740000,2456928.05930000,7.65574700,1.120000,338.6062312,-13.7318044,491.87000000,12.1112000
"TIC 48353358","Kepler-1651 b","Kepler-1651",9.87863917000,1.8915000,0.14727000,2454961.53395000,1.84000000,0.503000,283.6282602,48.3908081,66.40740000,12.1042000
"TIC 38337202","K2-72 d","K2-72",7.76017800000,1.4500000,,2456984.78800000,1.01000000,0.330989,334.6227504,-9.6120084,66.43210000,13.1201000
"TIC 59040029","K2-81 b","K2-81",6.10232500000,2.1500000,0.10760000,2457070.44000000,1.97000000,0.634663,57.4854562,14.5020556,252.31800000,13.1390000
"TIC 399402994","WASP-81 b","WASP-81",2.71647620000,3.5299033,1.45274470,2456195.57462000,16.01766100,1.283000,304.2079924,3.2939492,398.50500000,11.8886000
"TIC 125060509","K2-201 b","K2-201",1.05979000000,1.7496000,0.02514000,2457301.98415000,1.40006712,0.878161,293.5607117,-23.1312775,197.93200000,11.4107000
"TIC 14661418","HATS-22 b","HATS-22",4.72281240000,2.1912000,2.26753813,2457078.58030000,10.68217700,0.689000,174.0098693,-29.5433642,229.51800000,12.4806000
"TIC 152852327","K2-132 b","K2-132",9.17510000000,7.1690000,0.05800000,2457590.14910000,14.57170000,3.850000,182.1662666,-8.7472172,609.81800000,11.0295000
"TIC 157586003","WASP-153 b","WASP-153",3.33260900000,3.8400000,0.83105066,2453142.54200000,17.37395000,1.730000,279.2624729,40.0186905,610.17600000,12.0545000
"TIC 7088246","HATS-23 b","HATS-23",2.16051560000,1.8048000,1.37748795,2457072.85266000,20.84874000,1.199000,286.3667500,-50.0673496,639.00400000,13.2851000
"TIC 283722336","HD 219134 b","HD 219134",3.09292600000,0.9450000,0.03580000,2457126.69913000,1.60200000,0.778000,348.3372026,57.1696255,6.53127000,4.6278000
"TIC 266014079","K2-219 b","K2-219",3.90128700000,3.4080000,0.01173000,2457396.74530000,1.34762583,1.189232,12.8452963,8.8675474,325.40000000,11.4427000
"TIC 257435562","K2-213 b","K2-213",8.13087000000,,,2457399.00256000,1.51398464,1.204240,13.1403998,3.5077702,389.70200000,11.6049000
"TIC 376905329","K2-215 b","K2-215",8.26964800000,2.2320000,0.05430000,2457394.33225000,2.12381238,0.974398,18.4700795,6.1238647,403.96400000,12.3609000
"TIC 266014458","K2-218 b","K2-218",8.67988500000,3.8400000,0.05980000,2457396.45914000,2.56948149,1.008231,12.8096130,6.8464327,394.08300000,12.2418000
"TIC 301031110","HATS-50 b","HATS-50",3.82970150000,3.0792000,1.22998939,2456870.34792000,12.66617000,1.117000,300.4280761,-26.0775640,756.74200000,13.4041000
"TIC 238176110","WASP-91 b","WASP-91",2.79858100000,2.3424000,1.50000000,2456297.71900000,11.54527000,0.860000,357.8464340,-70.1528621,149.94200000,11.0443000
"TIC 158623531","WASP-105 b","WASP-105",7.87288000000,3.7200000,1.20000000,2456600.07650000,10.76064000,0.900000,24.1678686,-50.6593080,169.27200000,11.2794000
"TIC 240766850","K2-21 b","K2-21",9.32503800000,2.3720000,0.08090000,2456989.42200000,1.84000000,0.646783,340.3037846,-14.4893256,83.64480000,11.4644000
"TIC 117979897","WASP-141 b","WASP-141",3.31065100000,3.6000000,0.83000000,2457019.59530000,13.56289000,1.370000,71.8244347,-17.1151736,516.54300000,12.0682000
"TIC 50171060","K2-31 b","K2-31",1.25785000000,0.9816000,0.73853107,2457191.70889000,11.88154000,0.780000,245.4405531,-23.5482730,110.52700000,10.0198000
"TIC 203189770","KELT-21 b","KELT-21",3.61276470000,4.1054400,0.99000000,2457295.93434000,17.77747400,1.638000,304.8000322,32.5810446,470.87800000,10.4219000
"TIC 9385460","HATS-31 b","HATS-31",3.37796000000,4.5936000,0.71987471,2456960.14760000,18.38276000,1.870000,191.7028214,-24.4273897,773.97400000,12.5329000
"TIC 291751373","Qatar-3 b","Qatar-3",2.50792040000,3.1104000,0.78900000,2457302.45300400,12.28506400,1.272000,359.1519716,36.2129562,735.60100000,12.3550000
"TIC 349456525","K2-160 b","K2-160",3.70587100000,,,2457585.66638000,3.17824034,0.913754,184.0545174,-3.5530888,315.36300000,12.0799000
"TIC 677945","K2-128 b","K2-128",5.67581900000,1.8048000,0.03320000,2457255.50300000,1.42000000,0.777569,204.4376666,-8.5970858,114.63700000,11.5155000
"TIC 355703913","HATS-34 b","HATS-34",2.10616070000,1.5552000,1.21422239,2456634.85732000,16.02887000,0.980000,0.7744866,-62.4693167,508.84200000,13.1830000
"TIC 293687315","KELT-18 b","KELT-18",2.87175180000,4.6440000,0.71600000,2457542.52504000,17.59813000,1.908000,216.5238248,59.4442735,321.37600000,9.8230000
"TIC 56760743","K2-163 b","K2-163",6.67311700000,,,2457582.84838000,2.46610713,0.762201,182.3292517,-0.5393421,208.52900000,12.1703000
"TIC 149969625","K2-165 b","K2-165",2.35499200000,,,2457584.48273000,1.27443657,0.803827,184.9004881,0.9683270,134.59100000,10.7875000
"TIC 363478257","K2-35 c","K2-35",5.60835200000,1.7976000,0.09380000,2456812.11900000,1.93000000,0.619575,170.1031027,1.2858679,252.59600000,13.1872000
"TIC 339522221","HATS-35 b","HATS-35",1.82099930000,3.1176000,1.23400000,2456981.80199000,16.40997600,1.433000,296.6884420,-63.5656488,514.55500000,12.0457000
"TIC 435279748","K2-175 b","K2-175",9.52598800000,,,2457073.27684000,2.03803688,1.420038,52.5035514,17.5841081,247.26600000,10.1814000
"TIC 149969625","K2-165 c","K2-165",4.38274500000,,,2457584.21311000,1.55409035,0.803827,184.9004881,0.9683270,134.59100000,10.7875000
"TIC 39936432","K2-116 b","K2-116",4.65541100000,1.8900000,0.01290000,2456979.94800000,0.69000000,0.669400,336.1523363,-11.5793181,49.38550000,9.5966000
"TIC 175262071","K2-102 b","K2-102",9.91561500000,2.6600000,0.02000000,2457139.65518000,1.30000000,0.710000,130.0558953,19.7787519,188.17500000,12.1854000
"TIC 138168780","XO-6 b","XO-6",3.76500070000,2.9000000,1.47350000,2456652.71245000,23.20263000,1.930000,94.7929552,73.8275672,235.47900000,9.8827800
"TIC 424435940","WASP-58 b","WASP-58",5.01718000000,3.7363301,1.40000000,2458986.98151000,16.02887000,1.220000,274.7012534,45.1722194,290.40400000,11.2311000
"TIC 112604564","HATS-39 b","HATS-39",4.57763480000,3.7320000,1.08694903,2457315.28338000,17.59813000,1.621000,112.4192251,-29.9379163,878.52100000,12.3213000
"TIC 122612091","WASP-72 b","WASP-72",2.21673000000,3.8789472,0.37000000,2458789.06301000,14.45961000,2.180000,41.0400779,-30.1690785,434.75400000,10.4614000
"TIC 172598832","HATS-40 b","HATS-40",3.26427360000,5.3304000,0.50115725,2456962.67600000,17.71022000,2.260000,100.5712467,-29.7767800,1342.29000000,12.9410000
"TIC 53750200","HATS-41 b","HATS-41",4.19364900000,2.1960000,0.48041573,2456795.72400000,14.90797000,1.710000,103.5173558,-27.0504156,737.66800000,12.2309000
"TIC 99834717","KPS-1 b","KPS-1",1.70629100000,1.6800000,1.09800000,2457508.37019000,11.54527000,0.907000,165.1671980,64.9638452,262.70600000,12.2120000
"TIC 165987272","KELT-6 b","KELT-6",7.84570000000,5.8300000,0.60000000,2457218.65874000,14.57170000,1.730000,195.9818362,30.6401450,240.72600000,9.8469000
"TIC 99224131","HAT-P-49 b","HAT-P-49",2.69155000000,4.1088000,0.63000000,2458684.75534000,17.82231000,2.060000,305.4413294,26.6926759,350.35100000,9.9322500
"TIC 85593751","WASP-11 b","WASP-11",3.72247000000,2.5560000,1.60000000,2456933.61531600,12.44199000,0.890000,47.3689472,30.6733817,124.73000000,10.9332000
"TIC 8767448","WASP-13 b","WASP-13",4.35301000000,4.0030000,0.84000000,2458883.80332000,13.67498000,1.370000,140.1029654,33.8823291,227.53700000,9.9811100
"TIC 144065872","WASP-95 b","WASP-95",2.18467000000,2.7840000,1.00000000,2458326.50580300,13.78707000,1.230000,337.4578243,-48.0030988,137.54400000,9.4995000
"TIC 230982885","WASP-97 b","WASP-97",2.07276000000,2.5824000,1.20000000,2458355.49042400,12.77826000,1.080000,24.6051389,-55.7720006,151.06800000,9.9696000
"TIC 347430350","WASP-14 b","WASP-14",2.24375000000,2.5740000,1.00000000,2455643.79792000,15.46842000,1.400000,218.2766247,21.8946875,161.99700000,9.3242300
"TIC 47911178","WASP-101 b","WASP-101",3.58572000000,2.7072065,1.30000000,2458387.83252200,16.02887000,1.310000,98.3511016,-23.4860860,201.22400000,9.7905900
"TIC 257567854","WASP-22 b","WASP-22",3.53269000000,3.4802400,1.00000000,2456850.43601000,13.78707000,1.240000,52.8180374,-23.8197924,317.65200000,11.1850000
"TIC 452808876","WASP-82 b","WASP-82",2.70579000000,4.9920000,0.63000000,2458217.09214000,18.15858000,2.100000,72.6605916,1.8938365,275.66400000,9.5389610
"TIC 183537452","WASP-29 b","WASP-29",3.92273000000,2.6486400,1.00000000,2457866.07613000,8.63093000,0.790000,357.8791976,-39.9071215,87.59530000,10.2499000
"TIC 32487566","WASP-26 b","WASP-26",2.75660000000,2.3808565,1.00000000,2456548.80037000,13.56289000,1.220000,4.6030424,-15.2674044,252.75900000,10.5853000
"TIC 12770870","K2-169 b","K2-169",6.38080300000,3.0960000,0.01604000,2456982.00971000,1.27328671,0.919053,337.0442461,-14.5993376,235.86700000,11.5022000
"TIC 252479260","HAT-P-22 b","HAT-P-22",3.21222000000,2.6530000,1.10000000,2458261.30598000,12.89035000,1.110000,155.6814593,50.1287115,81.76470000,9.0070000
"TIC 440777904","HAT-P-24 b","HAT-P-24",3.35524000000,3.6940000,0.94000000,2458491.69571700,14.57170000,1.380000,108.8251171,14.2626064,415.34400000,11.3072000
"TIC 318696424","WASP-38 b","WASP-38",6.87188000000,4.8070000,0.69000000,2459005.51241000,13.78707000,1.520000,243.9597194,10.0324103,136.24000000,8.8362100
"TIC 188509935","K2-170 b","K2-170",7.57654400000,3.4320000,0.01970000,2456986.18553000,1.41817537,0.981614,335.4506923,-14.5933554,392.87200000,12.0676000
"TIC 206241306","K2-171 b","K2-171",5.62846600000,8.2080000,0.02190000,2456979.46712000,2.68657205,1.717458,332.3407712,-13.4288624,606.12800000,11.8767000
"TIC 250707118","HAT-P-29 b","HAT-P-29",5.72319000000,3.8928000,0.86000000,2456210.61536000,13.11453000,1.300000,33.1310921,51.7787754,313.57600000,11.2791000
"TIC 398943781","WASP-41 b","WASP-41",3.05240000000,2.6376000,1.90000000,2457077.22944100,12.32990000,0.830000,190.6188034,-30.6398176,163.37100000,10.7875000
"TIC 284475976","WASP-48 b","WASP-48",2.14363000000,3.1539349,0.96000000,2456176.98991000,16.81350000,1.580000,291.1623865,55.4730273,454.14400000,11.1541000
"TIC 76419763","HAT-P-5 b","HAT-P-5",2.78849000000,2.9462464,1.20000000,2455432.45510000,13.56289000,1.120000,274.4055335,36.6214617,303.33600000,11.3998000
"TIC 176899385","HAT-P-6 b","HAT-P-6",3.85298000000,3.5064000,0.87000000,2456100.88331000,16.58932000,1.620000,354.7740917,42.4659866,275.35800000,9.9957710
"TIC 236312126","XO-1 b","XO-1",3.94153000000,2.9712000,1.80000000,2455385.51978000,12.77826000,0.880000,240.5492745,28.1696248,163.55300000,10.5484000
"TIC 51234631","XO-4 b","XO-4",4.12508000000,4.4540000,0.78000000,2456878.47303000,14.01125000,1.450000,110.3880285,58.2681094,272.65500000,10.1653000
"TIC 335102224","K2-191 b","K2-191",2.85864600000,2.2320000,0.03080000,2457219.55703000,1.57889322,0.839696,201.6391407,-12.8066737,287.18800000,12.4159000
"TIC 115072772","K2-200 b","K2-200",2.84988300000,1.3416000,0.02730000,2457218.56088000,1.36439870,0.791736,202.2512060,-4.6100532,184.13100000,11.6759000
"TIC 97735908","KELT-2 A b","KELT-2 A",4.11379000000,5.1720000,0.52000000,2459467.19898900,15.13215000,1.930000,92.6640226,30.9571333,134.05800000,8.2239800
"TIC 242993844","K2-173 b","K2-173",5.86869900000,2.8250000,0.02000000,2457067.14113000,1.60826194,0.843154,60.3752402,15.6251296,228.64100000,11.6182000
"TIC 199671901","HAT-P-40 b","HAT-P-40",4.45724000000,6.1368000,0.65000000,2456651.13368000,17.03768000,1.940000,335.5129199,45.4573423,464.46900000,10.9726000
"TIC 306362738","WASP-49 b","WASP-49",2.78174000000,2.1400000,1.40000000,2457377.59693400,12.44199000,0.970000,91.0897193,-16.9653901,194.55300000,10.8164000
"TIC 53735810","WASP-66 b","WASP-66",4.08605000000,4.5024000,0.67000000,2457477.71072000,15.69260000,1.760000,158.2250301,-34.9899074,500.25800000,11.2480000
"TIC 68952448","WASP-67 b","WASP-67",4.61442000000,1.8960000,1.80000000,2456618.05370000,12.89035000,0.880000,295.7438485,-19.9497314,189.46900000,11.3550000
"TIC 179032688","K2-197 b","K2-197",8.35788100000,3.4704000,0.05500000,2457218.18248000,2.56000000,0.930000,202.3934779,-7.3739779,247.63700000,11.5275000
"TIC 432247315","K2-240 b","K2-240",6.03400000000,2.1528000,0.13100000,2457996.82500000,2.00000000,0.540000,227.8493710,-17.8754464,72.91050000,11.6392000
"TIC 37718056","WASP-158 b","WASP-158",3.65633300000,3.5760000,0.63000000,2457619.91950000,11.99363000,1.390000,4.1463468,-10.9764226,524.99300000,11.7083000
"TIC 404243877","K2-238 b","K2-238",3.20466000000,3.3310000,0.74480000,2457740.50360000,14.57170000,1.590000,347.7043164,-7.8575592,537.96300000,13.1749000
"TIC 308098254","WASP-162 b","WASP-162",9.62468000000,4.2576000,0.87000000,2457701.38160000,11.20900000,1.110000,168.2929079,-17.6577794,310.84100000,11.5688000
"TIC 232038798","WASP-168 b","WASP-168",4.15365800000,1.9128000,1.19000000,2457424.52780000,16.81350000,1.120000,96.7446427,-46.8213635,303.94100000,11.3187000
"TIC 374180079","K2-266 b","K2-266",0.65852400000,0.3333600,0.18000000,2457949.67470000,3.30000000,0.703000,157.9356855,0.9372782,77.55860000,10.6269000
"TIC 374180079","K2-266 c","K2-266",7.81400000000,2.2560000,0.00850000,2457946.65100000,0.70500000,0.703000,157.9356855,0.9372782,77.55860000,10.6269000
"TIC 77031414","WASP-173 A b","WASP-173 A",1.38665318000,2.2968000,1.23000000,2457288.85850000,13.45080000,1.110000,354.1686959,-34.6113042,232.98000000,10.9571000
"TIC 114749636","WASP-147 b","WASP-147",4.60273000000,4.3944000,0.64000000,2456562.59500000,12.49803500,1.429000,359.1915117,-22.1532316,436.09800000,11.7607000
"TIC 32949762","WASP-160 B b","WASP-160 B",3.76849520000,2.8442400,1.66300000,2457383.65494000,12.21781000,0.868000,87.6795610,-27.6233218,288.32600000,12.3352000
"TIC 377171980","K2-166 b","K2-166",8.52695000000,3.7000000,0.01600000,2457586.76350000,2.19000000,1.610000,185.1880932,2.2823788,476.88200000,11.5490000
"TIC 119262291","HATS-36 b","HATS-36",4.17518600000,3.3792000,1.37910000,2457314.46310000,12.92000000,1.100000,291.4787013,-23.2028183,856.43600000,13.7805000
"TIC 228381868","WASP-165 b","WASP-165",3.46550900000,4.1760000,0.54400000,2457649.71142000,14.12334000,1.750000,357.5806472,-17.0775947,602.23600000,12.0719000
"TIC 98751904","K2-228 b","K2-228",2.69828000000,1.5000000,0.02587000,2457583.19430000,1.21000000,0.650000,187.2947047,-6.8342028,129.46000000,11.9808000
"TIC 266017624","K2-283 b","K2-283",1.92103600000,1.7496000,0.19670000,2457394.90901000,3.52000000,0.820000,13.1943679,9.6929181,402.91500000,13.4901000
"TIC 376936928","K2-151 b","K2-151",3.83547600000,1.5408000,0.09830000,2457395.23735000,1.49000000,0.450000,19.3047733,9.5012663,69.47980000,12.2448000
"TIC 418761354","K2-216 b","K2-216",2.17480000000,1.8400000,0.05600000,2457394.04170000,1.75000000,0.720000,11.4802354,6.3470302,115.46100000,11.3750000
"TIC 288527728","K2-230 b","K2-230",2.86041000000,2.6000000,0.02000000,2457582.59180000,1.96000000,1.390000,191.3631170,-6.5760510,540.77300000,12.1641000
"TIC 175236511","K2-188 b","K2-188",1.74216900000,,,2457140.47617000,1.35000000,1.190000,129.8137008,23.3574367,446.82100000,12.0789000
"TIC 397056271","K2-153 b","K2-153",7.51574000000,2.3000000,0.12900000,2457588.42700000,2.00000000,0.530000,183.8088709,2.0208765,143.12500000,13.2766000
"TIC 11439959","HATS-11 b","HATS-11",3.61918800000,4.3684800,1.37340000,2457313.27367000,18.03000000,1.540000,289.4007603,-22.3900092,944.60300000,13.3735000
"TIC 458686847","K2-117 c","K2-117",5.44401700000,2.1096000,0.16860000,2457143.56630000,2.06000000,0.510000,133.8557342,10.4692176,101.63200000,12.7482000
"TIC 5882269","K2-284 b","K2-284",4.79506900000,2.1470000,0.22800000,2457859.11316000,2.78000000,0.607000,79.1407971,20.2549034,107.27200000,12.0394000
"TIC 458686847","K2-117 b","K2-117",1.29160000000,1.1520000,0.18170000,2457142.77452000,2.03000000,0.510000,133.8557342,10.4692176,101.63200000,12.7482000
"TIC 293375721","K2-270 c","K2-270",4.40002800000,1.5600000,0.16820000,2457142.97510000,2.95000000,0.770000,131.2665588,13.5497322,280.51800000,12.8344000
"TIC 437261733","HATS-59 b","HATS-59",5.41608100000,3.5928000,1.43100000,2456620.66527000,12.62133400,1.036000,170.3243250,-22.3881770,642.88400000,13.2958000
"TIC 268644785","KELT-15 b","KELT-15",3.32944000000,4.0123108,1.00000000,2458973.57814000,19.50366000,1.780000,117.4149764,-52.1204471,324.68300000,10.6815000
"TIC 110999033","K2-247 b","K2-247",2.25021000000,1.2000000,0.10000000,2457582.97700000,2.12000000,0.690000,188.8935189,-10.0692793,258.11300000,13.5498000
"TIC 250977648","K2-39 b","K2-39",4.60543000000,8.1840000,0.03700000,2456985.42680000,6.27704000,2.970000,338.3682095,-9.0229405,307.47000000,9.9735000
"TIC 176869982","K2-248 b","K2-248",7.17256000000,2.8000000,0.07000000,2457588.10420000,2.57000000,0.920000,182.8173343,-9.4141696,406.25400000,12.7652000
"TIC 281541555","HATS-46 b","HATS-46",4.74237290000,2.4336000,1.26508110,2457376.68539000,10.12172700,0.853000,6.7026401,-56.3161021,453.80800000,13.0417000
"TIC 220029715","HATS-7 b","HATS-7",3.18531500000,2.2992000,0.49173379,2456528.29697000,6.31066700,0.815000,208.8567465,-21.2078587,240.70700000,12.4284000
"TIC 175236511","K2-188 c","K2-188",7.81025300000,3.5808000,0.04800000,2457144.85447000,2.83000000,1.190000,129.8137008,23.3574367,446.82100000,12.0789000
"TIC 124778445","NGTS-3 A b","NGTS-3 A",1.67537280000,2.3000000,2.68000000,2457620.16790000,16.58932000,0.930000,94.4447595,-35.7063640,743.97200000,13.9819000
"TIC 147683165","K2-254 b","K2-254",4.09639000000,1.6000000,0.05200000,2457582.97570000,1.63000000,0.670000,185.5507926,-4.7172908,227.77500000,13.0180000
"TIC 187273811","K2-192 b","K2-192",4.16281700000,1.6176000,0.03180000,2457220.44400000,1.52000000,0.810000,206.5823122,-11.5563527,221.75300000,11.8980000
"TIC 374339566","K2-239 c","K2-239",7.77500000000,1.2480000,0.05800000,2457916.86000000,1.00000000,0.360000,160.5941265,4.4413751,31.08490000,12.2352000
"TIC 467971286","HATS-69 b","HATS-69",2.22525770000,2.3577600,1.31445901,2457755.39390000,10.59250500,0.878500,289.2974275,-60.8917599,414.53700000,13.1910000
"TIC 143143769","NGTS-4 b","NGTS-4",1.33735080000,1.8000000,0.12266761,2457607.99750000,3.18000000,0.840000,89.5988945,-30.8117992,280.55500000,12.3686000
"TIC 610976842","K2-295 b","K2-295",4.02486700000,2.4984000,2.18780000,2457395.41404980,10.05447300,0.700000,19.6101417,6.8167277,232.80100000,12.8130000
"TIC 150096001","K2-133 c","K2-133",4.86784000000,1.6200000,0.09800000,2457823.76860000,1.60300000,0.455000,70.1493775,25.0098135,75.17030000,12.3252000
"TIC 35022727","HAT-P-25 b","HAT-P-25",3.65281514000,2.8130400,0.01610000,2457759.39314000,12.72221500,0.919000,48.4354731,25.1973548,300.38400000,12.2192000
"TIC 301610040","EPIC 201497682 b","EPIC 201497682",2.13174000000,,,2456850.02630000,0.69200000,0.554000,168.9366786,0.4880606,253.02600000,13.0708000
"TIC 278348461","HAT-P-34 b","HAT-P-34",5.45265400000,3.1752000,0.77500000,2455431.59706000,13.41717300,1.530000,303.1954355,18.1047776,249.32500000,9.8746300
"TIC 281886199","EPIC 201754305 d","K2-16",2.71578000000,,,2456850.49630000,1.03000000,0.544000,175.0972238,4.5574311,334.96700000,13.6771000
"TIC 363444743","EPIC 201833600 c","K2-50",3.96151000000,2.1600000,0.04850000,2456852.65520000,1.00000000,0.634000,169.4836540,5.9882890,257.44300000,13.5014000
"TIC 373693175","HAT-P-36 b","HAT-P-36",1.32734683000,2.2320000,1.88500000,2457885.38399400,14.31389300,1.041000,188.2662048,44.9153672,294.41900000,11.6281000
"TIC 29857954","TOI-172 b","TOI-172",9.47725000000,4.7136000,0.31200000,2458345.87340000,10.81668500,1.777000,316.6318791,-26.6928654,342.83100000,10.7379000
"TIC 75266189","EPIC 206024342 b","EPIC 206024342",4.50756000000,2.1840000,0.02670000,2456899.13240000,1.70000000,0.823000,331.2771441,-14.1218019,369.88800000,12.5160000
"TIC 371234684","HAT-P-9 b","HAT-P-9",3.92281072000,3.3600000,1.14400000,2455484.91308800,15.61413700,1.338000,110.1685157,37.1405946,455.20300000,11.7946000
"TIC 380589029","HATS-24 b","HATS-24",1.34849780000,2.4074261,1.84637637,2457948.70932100,15.63655500,1.120000,268.8907069,-61.7474000,494.18200000,12.2851000
"TIC 49709169","K2-294 b","K2-294",2.50387000000,2.6000000,,2457740.00930000,1.66000000,1.200000,352.0516724,-7.6037856,373.07800000,11.9050000
"TIC 250956593","EPIC 206317286 b","EPIC 206317286",1.58252000000,1.7520000,0.03000000,2457011.33270000,0.96000000,0.669000,337.6178427,-7.9724560,314.35000000,13.1461000
"TIC 129979528","WASP-33 b","WASP-33",1.21987000000,2.8536000,1.21601096,2459883.19878800,17.85593700,1.444000,36.7127375,37.5504441,121.94400000,7.8761100
"TIC 439842788","WASP-177 b","WASP-177",3.07172200000,1.6128000,1.85000000,2457994.37140000,17.71022000,0.885000,334.7969885,-1.8344301,176.81800000,11.4825000
"TIC 293457754","WASP-181 b","WASP-181",4.51950640000,3.0648000,1.59000000,2457747.66681000,13.27145600,0.965000,26.7932253,3.1329325,437.49500000,12.3553000
"TIC 120960812","Kepler-25 b","Kepler-25",6.23829700000,3.5439300,0.04028000,2455703.42004000,2.74800000,1.316000,286.6383905,39.4879038,243.24900000,10.2768000
"TIC 50712784","WASP-161 b","WASP-161",5.40604250000,5.1288000,0.45092000,2457416.52890000,12.81188700,1.712000,126.3378248,-11.5009889,343.08000000,10.5579000
"TIC 145368316","WASP-163 b","WASP-163",1.60968840000,2.2320000,1.41700000,2457918.46200000,13.47321800,1.015000,256.5375549,-10.4130071,261.38600000,11.6123000
"TIC 279741379","HD 21749 c","GJ 143",7.78993000000,2.5150000,0.01690703,2458371.22870000,0.89200000,0.695000,51.7501882,-63.5001660,16.32000000,6.9934000
"TIC 149918151","Qatar-9 b","Qatar-9",1.54073100000,1.8672000,2.73100000,2458227.75643000,11.30988100,0.696000,160.7480950,60.9641194,213.77100000,12.9178000
"TIC 368739874","NGTS-5 b","NGTS-5",3.35698660000,2.2100000,2.62400000,2457740.35262000,12.73342400,0.739000,221.0582692,5.6053735,306.77900000,12.9463000
"TIC 145750719","HATS-60 b","HATS-60",3.56082900000,3.8592000,0.48900000,2458015.72358000,12.92397700,1.460000,341.3640336,-14.9917747,486.47400000,12.0213000
"TIC 336732544","HATS-62 b","HATS-62",3.27688370000,2.7652800,1.55661441,2455808.05158000,11.82549500,0.933000,312.4493079,-24.3035060,523.06700000,13.3102000
"TIC 178879588","HATS-63 b","HATS-63",3.05665270000,2.4480000,1.25175204,2457659.93755000,13.52926300,1.070000,67.4185820,-28.1972149,623.23200000,13.2554000
"TIC 98545929","HATS-70 b","HATS-70",1.88823780000,3.6240000,0.43583261,2456911.87486000,15.51325600,1.881000,109.1045212,-31.2443947,1458.83000000,12.4539000
"TIC 169504920","HATS-65 b","HATS-65",3.10516100000,2.8848000,1.30361538,2457520.96130000,16.82470900,1.310000,292.9397825,-26.7402021,493.32000000,11.9801000
"TIC 52689469","HATS-66 b","HATS-66",3.14143910000,4.5432000,0.54330349,2457603.05140000,15.81589900,1.841000,101.3948048,-33.8816918,1477.98000000,13.6373000
"TIC 272212970","HATS-67 b","HATS-67",1.60917880000,1.9464000,1.34500000,2457796.88127000,18.88716500,1.441000,180.2087883,-46.1364201,960.10900000,13.1740000
"TIC 322307342","HATS-68 b","HATS-68",3.58622020000,3.4200000,0.57293247,2457410.40860000,13.80948800,1.748000,15.0060770,-58.9047242,603.95500000,11.7806000
"TIC 116156517","WASP-190 b","WASP-190",5.36775300000,4.4640000,0.62000000,2457799.12560000,12.89035000,1.600000,7.7095292,-40.5734613,542.25100000,11.3151000
"TIC 268403451","XO-7 b","XO-7",2.86414240000,2.7720000,0.90900000,2457917.47503000,15.38995700,1.480000,277.4780753,85.2333208,234.14900000,10.0521000
"TIC 114299824","HATS-55 b","HATS-55",4.20420010000,2.7837600,1.20800000,2457413.13042000,14.02245900,1.126000,114.2833819,-32.7554188,609.83800000,12.9264000
"TIC 21113347","HATS-58 A b","HATS-58 A",4.21808960000,3.1800000,0.78820701,2457463.29990000,12.27385500,1.433000,186.7873036,-48.9784105,403.59100000,11.4007000
"TIC 386259537","WASP-169 b","WASP-169",5.61141180000,6.0528000,0.44600000,2457697.01760000,14.61653600,2.011000,127.3872297,-12.9447683,627.06600000,11.3299000
"TIC 164525250","Kepler-1998 b","Kepler-1998",3.03267135000,1.7740000,0.00424000,2454967.06680000,0.60000000,0.921000,283.4291536,47.5923973,340.96500000,12.1297000
"TIC 273043474","Kepler-1994 b","Kepler-1994",4.61225043000,2.6950000,0.00291000,2454966.86134000,0.51000000,0.961000,297.1487941,46.2969247,241.99100000,11.3139000
"TIC 448589187","WASP-175 b","WASP-175",3.06529070000,2.6760000,1.06400000,2457143.78886000,13.54047200,1.204000,166.3187996,-34.1227453,539.36000000,12.3077000
"TIC 432254760","EPIC 249893012 b","EPIC 249893012",3.59510000000,4.3300000,,2457994.39600000,1.95000000,1.710000,228.2482353,-16.7246474,321.29600000,10.8872000
"TIC 178367144","WASP-180 A b","WASP-180 A",3.40926400000,3.1176000,1.23000000,2457763.31500000,13.89916000,1.190000,123.3922465,-1.9827874,253.98500000,10.5572000
"TIC 374530847","WASP-2 b","WASP-2",2.15217500000,1.7882400,1.64600000,2458339.00342000,12.11692900,0.866000,307.7255587,6.4293305,153.24200000,10.9984000
"TIC 12862099","WASP-44 b","WASP-44",2.42380400000,2.2368000,1.56000000,2458338.10238400,12.32990000,0.906000,3.9032733,-11.9382645,364.51200000,12.3993000
"TIC 120610833","WASP-45 b","WASP-45",3.12608900000,1.6824000,1.29000000,2458339.14303900,10.60371400,0.855000,5.2377567,-35.9984650,211.19600000,11.5005000
"TIC 137217372","Kepler-416 d","Kepler-416",3.07644709000,2.6326000,0.02167000,2455186.76430000,1.61000000,1.022000,291.5569554,39.2272923,690.81900000,13.5440000
"TIC 158297421","HATS-47 b","HATS-47",3.92280380000,2.0023200,3.15109005,2457365.35804000,12.52045300,0.656400,287.4844021,-49.6649424,300.67000000,13.6699000
"TIC 112099249","WASP-184 b","WASP-184",5.18170000000,4.7760000,0.69000000,2457630.00800000,14.90797000,1.650000,209.5170100,-30.3481530,663.23100000,12.1577000
"TIC 46020827","WASP-185 b","WASP-185",9.38755000000,4.6080000,0.73000000,2456935.98200000,14.01125000,1.500000,214.0595791,-19.5423062,279.35000000,10.4725000
"TIC 273499989","Kepler-865 c","Kepler-865",6.20920207000,2.6370000,0.01019000,2454969.87938000,0.89000000,0.885000,297.7242257,43.5272796,586.13700000,13.9449000
"TIC 271893367","TOI-150.01","TOI-150",5.85748700000,5.1200000,0.64897302,2458326.27730000,14.06729500,1.526000,112.9654210,-73.6060358,336.26700000,10.9031000
"TIC 169078948","Kepler-1983 b","Kepler-1983",7.32851947000,1.2110000,0.02778000,2454965.12857000,2.33000000,0.874000,297.0420150,39.9121864,424.42800000,13.6964000
"TIC 102068384","NGTS-8 b","NGTS-8",2.49970000000,2.6100000,1.30270636,2457500.17830000,12.21781000,0.980000,328.9759206,-14.0684399,428.97600000,12.9376000
"TIC 437695245","EPIC 205950854 c","K2-168",8.05072200000,3.7200000,0.03030000,2456973.76480000,1.31000000,0.830000,333.1100738,-16.3418863,243.93500000,11.6244000
"TIC 269119490","Kepler-1990 c","Kepler-1990",4.06844957000,2.8349000,0.00798000,2454965.27614000,0.98000000,1.071000,299.7047433,44.4357068,392.73900000,12.1207000
"TIC 443616612","K2-43 c","K2-43",2.19888400000,1.4400000,0.16300000,2456810.40590000,2.42000000,0.542000,169.1170280,-3.9754405,182.53600000,13.7701000
"TIC 403224672","HD 213885 b","HD 213885",1.00803500000,1.4100000,0.02000000,2458379.97043000,1.74500000,1.101100,338.9837166,-59.8648290,48.08830000,7.3840000
"TIC 121215807","Kepler-1982 b","Kepler-1982",3.82315697000,2.3880000,0.00472000,2454966.06936000,0.77000000,1.122000,287.4099905,39.6586267,558.85500000,12.2536000
"TIC 25155310","WASP-126 b","WASP-126",3.28883000000,3.4367717,0.70057248,2458827.41621500,10.51358773,1.270000,63.3747060,-69.2265926,216.52600000,10.6103000
"TIC 379929661","HAT-P-69 b","HAT-P-69",4.78694910000,5.1264000,0.76270000,2458495.78861000,18.78628400,1.926000,130.5056385,3.7105662,341.26300000,9.6129000
"TIC 261867566","TOI-905 b","TOI-905",3.73949400000,2.0280000,1.71800000,2458643.30898000,13.12573900,0.918000,227.6586754,-71.3616316,158.64900000,10.5721000
"TIC 1003831","TOI-564 b","TOI-564",1.65114400000,1.0272000,0.92000000,2458549.57554000,11.43318000,1.088000,130.2951535,-16.0363275,199.58100000,10.6701000
"TIC 260647166","HD 108236 b","HD 108236",3.79596300000,2.3840000,0.02850000,2458773.29640000,1.61500000,0.877000,186.5740627,-51.3630519,64.59780000,8.6522000
"TIC 321668398","WASP-150 b","WASP-150",5.64420700000,3.1176000,0.44000000,2457217.26140000,11.99363000,1.651000,264.2630197,53.0212751,527.99500000,11.5429000
"TIC 454069765","NGTS-13 b","NGTS-13",4.11902700000,5.2224000,0.43000000,2458572.82470000,12.80067800,1.788000,176.2402326,-38.1397158,647.59500000,12.1137000
"TIC 63005636","Kepler-1686 b","Kepler-1686",9.30987000000,3.4550000,0.01145000,2454969.39785000,1.42553017,1.199510,291.6067189,42.0359783,729.82300000,13.3116000
"TIC 197643976","NGTS-14 A b","NGTS-14 A",3.53571730000,2.2400000,0.31160000,2457502.55450000,4.97679600,0.842000,328.5174799,-38.3774193,322.14800000,12.5638000
"TIC 137218786","Kepler-1689 b","Kepler-1689",8.48300000000,2.4850000,0.00691000,2454965.96840000,0.94678642,0.996208,291.5741663,38.6559433,294.12200000,11.6780000
"TIC 73228647","HD 110113 c","HD 110113",6.74400000000,1.3710857,0.04505421,2458576.15925100,2.11384817,0.968000,190.0365636,-44.3120777,106.30700000,9.4628000
"TIC 158324044","Kepler-1692 b","Kepler-1692",5.95966000000,2.8960000,0.01288000,2454968.00690000,1.11177184,0.866139,286.9241804,47.0537092,591.01900000,13.9464000
"TIC 380546118","EPIC 201757695.02","EPIC 201757695",2.04780000000,,,2456811.63700000,0.90819000,0.655000,173.9385102,4.6164303,577.60000000,13.7970000
"TIC 44792534","TOI-954 b","TOI-954",3.68497290000,5.0900000,0.20700000,2458411.90651000,9.55006800,1.892000,61.9410587,-25.2088028,238.76800000,9.7791900
"TIC 281541545","HATS-49 b","HATS-49",4.14804670000,2.3460000,1.28869880,2457105.16480000,8.57488500,0.697700,6.6135927,-56.3442798,324.41300000,13.7813000
"TIC 201248411","HIP 65 A b","HIP 65 A",0.98097340000,0.7857600,8.20000000,2458326.10418000,22.75427000,0.724200,0.1856063,-54.8308228,61.78560000,9.9005000
"TIC 140691463","TOI-157 b","TOI-157",2.08454350000,2.1458400,1.28300000,2458326.54771000,14.41477400,1.167000,73.7014398,-76.6806061,355.68300000,12.0166000
"TIC 183120439","TOI-169 b","TOI-169",2.25544770000,1.7064000,0.75000000,2458327.44174000,12.17297400,1.288000,16.7786879,-75.1989452,407.84000000,11.7880000
"TIC 6036597","HATS-37 A b","HATS-37 A",4.33153660000,2.9136000,,2458006.80145000,6.79265400,0.877000,199.8018300,-22.9868431,211.89600000,11.3876000
"TIC 305048087","TOI-237 b","TOI-237",5.43609800000,1.2130000,0.38000000,2458697.71979970,1.44000000,0.211000,353.2435381,-29.4164870,38.07490000,13.4102000
"TIC 411608801","WASP-186 b","WASP-186",5.02679900000,2.7040000,0.61000000,2456237.11950000,12.44199000,1.470000,18.9953122,21.6169065,278.51400000,10.3002000
"TIC 159642390","Kepler-783 c","Kepler-783",7.05395000000,1.7244000,0.05211000,2454969.35725300,2.33153725,0.872088,291.0628615,47.4847890,516.09000000,13.4322000
"TIC 224225541","TOI-251 b","TOI-251",4.93777000000,2.2320000,0.08448199,2458357.30548000,2.74000000,0.881000,353.0620655,-37.2558629,99.52300000,9.3258000
"TIC 63189173","HAT-P-68 b","HAT-P-68",2.29840551000,2.0868000,3.08320537,2456614.20355000,12.01604800,0.670100,118.4831501,23.9382192,202.15200000,12.8033000
"TIC 203289099","K2-344 b","K2-344",3.35585000000,1.7600000,0.11010000,2458095.74773100,1.59000000,0.490000,136.3614923,21.6685886,75.16910000,11.7538000
"TIC 266030192","K2-282 b","K2-282",4.16978300000,2.7312000,0.09350000,2457457.54493000,2.50000000,1.000000,13.4321524,7.9952914,496.28900000,13.2667000
"TIC 176868262","K2-156 b","K2-156",0.81314300000,1.3000000,0.02900000,2457641.67248000,1.10000000,0.620000,182.6996730,-6.2943552,150.21000000,12.2048000
"TIC 9443323","HAT-P-58 b","HAT-P-58",4.01383790000,4.1500000,0.85614395,2457369.03094000,14.93036229,1.530000,68.8465093,56.8682691,515.59000000,12.1957000
"TIC 229400092","HAT-P-59 b","HAT-P-59",4.14197710000,2.3390000,1.01309412,2458618.54088000,12.58768533,1.103800,292.4588212,62.5291892,265.47100000,11.2086000
"TIC 444037742","K2-268 d","K2-268",4.52859800000,2.5700000,0.05310000,2457143.97465400,1.49000000,0.780000,133.7094899,11.8482712,327.78300000,12.9860000
"TIC 220479565","TOI-269 b","TOI-269",3.69771040000,0.9308263,0.47556707,2458381.84668000,2.77000000,0.398000,75.8462827,-54.1777213,57.02250000,12.2958000
"TIC 332024125","K2-187 b","K2-187",0.77401000000,1.5792000,0.02370000,2457184.43637000,1.20000000,0.830000,132.5235618,23.1924709,330.91600000,12.3562000
"TIC 388801714","K2-210 b","K2-210",0.57023000000,,,2457465.80382000,0.86000000,0.890000,17.6412694,1.5784137,176.51000000,11.0759000
"TIC 437444661","K2-32 b","K2-32",8.99200000000,3.4880000,0.38020000,2456900.92676000,5.29900000,0.860000,252.4260080,-19.5430504,157.68200000,11.3692000
"TIC 437444661","K2-32 e","K2-32",4.34934000000,2.6710000,0.02550000,2456898.87863000,1.21200000,0.860000,252.4260080,-19.5430504,157.68200000,11.3692000
"TIC 455036659","HAT-P-64 b","HAT-P-64",4.00723200000,4.9250000,1.03600000,2457751.46354000,19.08889413,1.735000,68.9743955,2.4312732,651.89700000,12.1569000
"TIC 46296576","K2-331 b","K2-331",9.39897700000,3.9200000,,2458100.92019200,1.79000000,1.060000,132.7376431,13.1702690,211.43000000,10.7578000
"TIC 98594138","K2-223 c","K2-223",4.56254600000,2.8000000,0.02000000,2457628.61208000,1.50000000,1.000000,185.3061830,-10.2820915,198.60400000,10.8242000
"TIC 294319820","K2-350 b","K2-350",4.16387300000,2.7500000,,2457219.27762800,1.54000000,1.040000,204.0355092,-14.0092516,489.36800000,12.8469000
"TIC 98720702","K2-137 b","K2-137",0.17971900000,0.6288000,,2457639.27571000,0.64000000,0.290000,186.8704260,-6.1952168,98.87650000,13.2396000
"TIC 1333933","NGTS-15 b","NGTS-15",3.27623000000,2.5040000,1.13049750,2458405.05580000,12.32987877,0.954000,73.3553101,-32.8003484,786.48500000,13.9636000
"TIC 468989066","K2-354 b","K2-354",3.79330600000,1.5300000,0.10070000,2457140.22597000,1.56000000,0.410000,129.1299193,10.1472175,91.72200000,13.2202000
"TIC 395171208","TOI-1333 b","TOI-1333",4.72021900000,4.6416000,0.55500000,2458913.37033000,15.64776400,1.925000,325.0145363,48.4067674,200.49200000,9.0352700
"TIC 142211778","NGTS-18 b","NGTS-18",3.05125000000,3.6010000,0.94030926,2458564.45060000,13.56286665,1.392000,180.5462193,-35.5486091,1096.19000000,13.9069000
"TIC 4610830","K2-138 c","K2-138",3.56004000000,2.3800000,,2457740.32182000,2.29900000,0.863000,348.9490311,-10.8497391,202.58500000,11.5018000
"TIC 4610830","K2-138 d","K2-138",5.40479000000,2.7000000,0.08379800,2457743.15989000,2.39000000,0.863000,348.9490311,-10.8497391,202.58500000,11.5018000
"TIC 4610830","K2-138 e","K2-138",8.26146000000,2.9700000,0.13430000,2457740.64558000,3.39000000,0.863000,348.9490311,-10.8497391,202.58500000,11.5018000
"TIC 287331845","EPIC 212297394 c","EPIC 212297394",5.21396500000,2.6200000,0.08280000,2457222.47887900,2.27000000,0.800000,207.2061241,-17.6098985,418.39500000,13.5896000
"TIC 307733361","K2-100 b","K2-100",1.67390350000,1.6056000,0.01225000,2457140.71941000,3.88000000,1.240000,129.6010863,20.1060074,188.95900000,10.0121000
"TIC 347812320","K2-349 b","K2-349",9.03217800000,3.2500000,0.10280000,2457219.12743100,1.38000000,0.490000,199.0996546,-14.4447454,453.56700000,13.6069000
"TIC 187273748","K2-351 b","K2-351",7.80616400000,2.7800000,0.06810000,2457223.49519100,2.54000000,1.050000,206.6522408,-11.8049588,694.73400000,13.5118000
"TIC 233602827","TOI-1749 b","TOI-1749",2.38839000000,1.0324090,0.05698512,2458684.35495300,1.39000000,0.550000,282.7372281,64.4194660,99.55610000,12.2574000
"TIC 233602827","TOI-1749 d","TOI-1749",9.04970000000,1.7653148,0.16110010,2459647.51519700,2.52000000,0.550000,282.7372281,64.4194660,99.55610000,12.2574000
"TIC 29960110","TOI-1201 b","TOI-1201",2.49198630000,1.7470000,0.20939594,2459169.23222000,2.41500000,0.508000,42.2476999,-14.5372835,37.88710000,10.9473000
"TIC 209459275","TOI-559 b","TOI-559",6.98390950000,5.1502000,0.82760000,2458893.81305000,12.22899794,1.233000,46.8186159,-31.1629951,233.26600000,10.5704000
"TIC 387690507","TOI-530 b","TOI-530",6.38759700000,2.5660579,2.39942960,2458470.19980000,9.30345398,0.540000,103.4128333,12.8815784,148.76200000,13.5287000
"TIC 468987719","HAT-P-43 b","HAT-P-43",3.33264140000,3.1250000,1.70080000,2458253.59657280,13.63000000,1.080000,128.9256885,10.2065866,528.82500000,12.7656000
"TIC 290035649","Kepler-1743 b","Kepler-1743",7.64971017800,6.6250000,0.00554000,2454971.33113000,1.59887007,1.613000,290.5523552,48.1262575,538.80700000,11.4927000
"TIC 186853124","K2-355 b","K2-355",5.73856470000,,,2458252.19182980,2.25000000,0.920000,124.6426189,13.5027816,500.49700000,13.0561000
"TIC 138575125","Kepler-1763 b","Kepler-1763",1.48028004200,2.4860000,0.00605000,2454967.37254000,1.14651332,1.259000,294.1130368,40.3628861,756.48600000,13.0851000
"TIC 164728985","Kepler-1791 b","Kepler-1791",7.72086000400,1.5151000,0.02650000,2454969.56370000,3.12103321,1.177000,284.4903166,42.6482636,602.21800000,12.9973000
"TIC 266030192","EPIC 220554210 c","K2-282",0.70531000000,1.7040000,0.02620000,2457466.11310000,1.60000000,1.000000,13.4321524,7.9952914,496.28900000,13.2667000
"TIC 257802602","EPIC 220492298 b","EPIC 220492298",0.76240600000,,,2457431.67734000,0.99000000,0.890000,16.7615005,6.5887980,624.51200000,13.2689000
"TIC 75266189","EPIC 206024342 c","EPIC 206024342",0.91172400000,1.4160000,0.01790000,2457016.52991000,1.40000000,1.100000,331.2771441,-14.1218019,369.88800000,12.5160000
"TIC 332022997","K2-275 c","K2-275",8.43883850000,2.3400000,0.10950000,2457142.48671610,2.21000000,0.690000,132.1698795,20.4550162,123.43800000,11.1983000
"TIC 332022997","K2-275 b","K2-275",3.28096260000,1.9296000,0.09680000,2457142.13395920,2.34000000,0.690000,132.1698795,20.4550162,123.43800000,11.1983000
"TIC 123202646","Kepler-1782 b","Kepler-1782",5.75622987700,1.0710000,0.06307000,2454966.90369600,2.22927435,0.734000,280.9261620,44.0878036,305.79200000,13.0931000
"TIC 159520040","Kepler-1833 b","Kepler-1833",6.89212989800,1.7137000,0.00861000,2454964.63493000,1.30027362,1.446000,290.8714239,45.4102813,591.60200000,12.1701000
"TIC 164882482","Kepler-1130 d","Kepler-1130",4.27225017500,2.1432000,0.00524000,2454966.22095000,0.64472273,0.842000,285.2074210,45.3843330,249.34300000,11.8799000
"TIC 138100223","Kepler-1943 b","Kepler-1943",4.85018014900,5.6760000,0.00645000,2454968.31157000,1.54869189,0.973000,293.3182976,41.1166697,1004.55000000,13.2845000
"TIC 123408849","Kepler-1945 b","Kepler-1945",6.08003997800,1.3080000,0.01840000,2454969.88262000,1.28900000,0.804000,281.8980828,42.2858185,,12.7460000
"TIC 298892283","Kepler-1530 d","Kepler-1530",9.20761013000,2.8892000,0.12431000,2454968.80100000,3.27870115,1.303000,288.1624396,48.1651530,489.87600000,13.4865000
"TIC 63368895","Kepler-1869 b","Kepler-1869",8.16736030600,3.2860000,0.01054000,2454969.20311000,1.11955354,0.902000,292.6149958,42.7643438,113.02500000,9.6523000
"TIC 137899873","Kepler-1312 c","Kepler-1312",1.11611998100,1.3577000,0.01092000,2454964.84560000,1.02732734,0.905000,292.9712801,41.0357494,299.10400000,11.9163000
"TIC 121604440","Kepler-1972 b","Kepler-1972",7.54425000000,6.9260000,0.00173000,2454944.89990000,0.80200000,1.384000,288.3953074,39.8725067,287.33900000,10.7100000
"TIC 137754713","Kepler-1890 b","Kepler-1890",4.82059001900,3.4680000,0.00409000,2454968.78516000,0.86867375,1.396000,292.5778203,40.6679032,529.59600000,12.4011000
"TIC 272173269","Kepler-1959 b","Kepler-1959",6.38669014000,1.2428000,0.02296000,2454964.52724000,1.14315727,0.811000,296.0223010,44.7326691,479.26300000,13.9433000
"TIC 171971636","Kepler-1911 b","Kepler-1911",5.99079990400,1.6610000,0.00723000,2454967.54125000,1.01100000,0.972000,299.3035590,41.4410233,269.91200000,11.6492000
"TIC 268604336","Kepler-1967 b","Kepler-1967",7.28169012100,1.7230000,0.01116000,2454970.30085000,0.73022577,1.806000,299.1376276,43.4984724,249.10200000,12.7345000
"TIC 271348323","Kepler-1867 b","Kepler-1867",9.88735961900,4.2300000,0.00680000,2454972.52781000,1.15985997,0.816000,294.9971007,43.4358698,680.58300000,12.9574000
"TIC 123130285","Kepler-1907 b","Kepler-1907",5.65245008500,2.0620000,0.01264000,2454969.97670000,0.86973029,0.800000,280.7085829,47.3279236,292.11100000,13.1513000
"TIC 27847148","Kepler-534 c","Kepler-534",7.37868976600,3.2070000,0.01178000,2454968.81960000,1.22700000,0.965000,296.4185696,49.5401480,570.65900000,12.7883000
"TIC 399825584","Kepler-1488 c","Kepler-1488",6.15826988200,6.2850000,0.00573000,2454968.49990000,1.65156749,1.524000,286.6464265,49.9377735,905.82500000,12.6275000
"TIC 122680921","Kepler-1934 b","Kepler-1934",1.41975998900,1.5126000,0.00581000,2454965.92520000,0.91307734,1.035000,290.9193265,37.2871677,428.51400000,12.3439000
"TIC 184469205","Kepler-1935 b","Kepler-1935",3.95140004200,1.0582000,0.04057000,2454965.06462000,2.50271696,0.899000,296.4037783,39.7227036,904.70200000,13.8362000
"TIC 142394656","TOI-1268 b","TOI-1268",8.15770940000,4.0010000,0.81860000,2458711.74770000,9.10000000,0.920000,198.3885831,62.3053799,109.55700000,10.1495000
"TIC 434226736","K2-25 b","K2-25",3.48456408000,0.7637000,1.15500000,2458515.64206000,3.44000000,0.293200,63.2739346,15.2477027,44.95650000,13.0275000
"TIC 336128819","TOI-2136 b","TOI-2136",7.85192800000,1.6600000,0.38739591,2459017.70430000,2.19000000,0.340000,281.1763433,36.5631318,33.36310000,11.7371000
"TIC 117414377","K2-376 b","K2-376",5.77647500000,2.1000000,,2458096.74260000,1.73600000,1.149000,132.7193327,25.0380824,161.61000000,9.8951900
"TIC 405004589","CoRoT-36 b","CoRoT-36",5.61653100000,4.9800000,1.01000000,2455662.52236000,15.80466279,1.520000,277.7510149,7.1833465,925.95800000,12.5161000
"TIC 31244979","K2-383 b","K2-383",1.86596200000,1.9632000,0.03830000,2457302.09280000,1.56400000,0.804000,282.0087650,-18.3795798,203.78800000,11.8437000
"TIC 49984349","K2-369 b","K2-369",5.76161200000,2.2320000,0.01740000,2456979.87160000,1.31300000,0.881000,329.7262534,-10.8750666,185.55000000,10.9307000
"TIC 296739893","TOI-620 b","TOI-620",5.09881790000,1.3600000,0.39300000,2458992.19724000,3.76000000,0.550000,142.1734459,-12.1671652,33.02310000,10.2139000
"TIC 399702475","K2-384 e","K2-384",9.71504300000,1.9920000,0.17500000,2457398.96660000,1.34500000,0.348000,20.4998403,0.7509701,82.66030000,13.7658000
"TIC 366622912","K2-371 b","K2-371",3.11490500000,2.3592000,2.84600000,2457141.41760000,13.02400000,0.736000,128.0670932,11.6307099,442.81300000,13.7988000
"TIC 333800257","K2-372 b","K2-372",9.84407700000,3.6288000,0.10930000,2457146.32870000,2.94500000,0.922000,130.7988719,13.0094226,463.88000000,12.9673000
"TIC 230127302","TOI-1246 b","TOI-1246",4.30744000000,2.3379196,0.10948419,2458686.56580000,3.01000000,0.860000,251.1158702,70.4299917,169.42200000,11.1802000
"TIC 464646604","HIP 94235 b","HIP 94235",7.71305700000,2.4700000,0.07284849,2459037.87040000,3.00000000,1.080000,287.7411441,-60.2726358,58.51460000,7.7582000
"TIC 9030119","K2-390 b","K2-390",3.31279200000,2.0970000,0.18150000,2457739.90290000,4.66200000,0.966000,355.7023860,-9.5887124,456.12200000,12.8466000
"TIC 101011575","HD 73583 b","HD 73583",6.39804200000,2.1430000,0.14460000,2458517.69013000,2.79000000,0.650000,129.6883026,-13.2565267,31.56660000,8.5925000
"TIC 9054633","K2-391 b","K2-391",4.62265400000,2.7000000,,2457741.51650000,1.37100000,0.566000,356.2260152,-7.7015151,507.94000000,11.8194000
"TIC 348835438","TOI-2669 b","TOI-2669",6.20340000000,5.7150000,0.08100000,2458521.59800000,19.72780603,4.100000,134.7226445,-13.3125792,393.44300000,9.9917000
"TIC 256722647","TOI-4329 b","TOI-4329",2.92230000000,5.5560255,0.57240177,2458765.06800000,16.81347105,2.310000,329.5639152,71.1316048,717.12800000,11.8832000
"TIC 6139066","K2-397 b","K2-397",3.57232600000,1.3000000,,2457823.57510000,2.41700000,0.966000,79.9516586,21.2591617,199.35400000,11.1344000
"TIC 468574941","TOI-2046 b","TOI-2046",1.49718420000,2.4100000,1.62662492,2457792.27670000,16.14093221,1.210000,16.1849423,74.3313055,289.66800000,10.9960000
"TIC 55650590","TOI-206 b","TOI-206",0.73631040000,0.6736853,0.13225461,2458325.54310000,1.30000000,0.350000,73.7382202,-62.5218740,47.74650000,12.4312000
"TIC 353475866","TOI-1693 b","TOI-1693",1.76669570000,1.4196682,0.08305083,2458817.68270000,1.41000000,0.460000,90.3083455,34.7730904,30.79470000,10.6714000
"TIC 10837041","TOI-2411 b","TOI-2411",0.78269420000,1.0403706,0.05268677,2459116.01390000,1.68000000,0.680000,20.9224567,-8.7017944,59.53620000,10.4238000
"TIC 142937186","TOI-2427 b","TOI-2427",1.30600110000,0.6340000,0.05600000,2459169.62020000,1.80000000,0.650000,52.2917315,-31.3628665,28.51470000,9.0138000
"TIC 422685031","K2-407 c","K2-407",9.22453000000,3.7000000,,2457997.65450000,1.36000000,0.927000,232.5552584,-23.0067371,218.37600000,11.4565000
"TIC 2621212","K2-199 b","K2-199",3.22539930000,2.0170000,0.07260000,2457218.73733000,1.73000000,0.682000,208.9014508,-6.1360833,107.51800000,11.2309000
"TIC 321285788","K2-374 b","K2-374",4.52195300000,3.0000000,,2458099.68690000,1.59300000,0.907000,137.3794986,16.3558324,359.43900000,12.2290000
"TIC 239816546","TOI-2570 b","TOI-2570",2.98876150000,3.0064800,1.30400000,2459393.14532000,13.64132951,1.095000,87.1880397,32.0840435,361.85700000,11.9775000
"TIC 17865622","TOI-3540 A b","TOI-3540 A",3.11999900000,1.9008000,0.02300000,2459109.14114000,23.53885947,1.228000,328.9113712,28.1794996,,10.9541000
"TIC 194795551","TOI-3331 A b","TOI-3331 A",2.01802310000,2.1230400,1.55900000,2459371.65300000,12.97999965,0.952000,271.3241672,-34.1071710,217.19300000,11.3208000
"TIC 240823272","TOI-3693 b","TOI-3693",9.08851600000,3.5568000,2.13400000,2458806.68164000,12.59889431,0.791000,15.6543938,51.3038918,176.43600000,11.4190000
"TIC 372172128","TOI-2196 b","TOI-2196",1.19472680000,1.5040000,0.11272345,2459036.51260000,3.51000000,1.043000,312.3400744,-70.4850723,259.94700000,11.3643000
"TIC 455784423","TOI-3629 b","TOI-3629",3.93655100000,2.2000000,1.54610000,2458784.25600000,8.29464572,0.600000,359.7933851,39.3142556,130.09100000,12.7882000
"TIC 90850770","TOI-2207 b","TOI-2207",8.00196800000,4.6320000,0.42730000,2459283.82747000,11.15293580,1.564000,307.5966925,-44.8876181,373.34500000,10.9651000
"TIC 70524163","TOI-2421 b","TOI-2421",4.34740320000,4.8624000,0.29490000,2458957.02765000,10.36830715,1.750000,33.1540208,-35.3909182,327.92700000,10.6918000
"TIC 7548817","TOI-2583 A b","TOI-2583 A",4.52072650000,4.4060000,0.80600000,2459216.01039000,14.45958510,1.477000,272.2670293,45.3368996,566.18900000,12.0453000
"TIC 220076110","TOI-2796 b","TOI-2796",4.80849830000,1.9600000,2.24000000,2459026.48882000,17.26183028,1.069000,84.1527191,0.8962788,350.34300000,11.9160000
"TIC 142748283","TOI-2096 b","TOI-2096",3.11906330000,1.0720000,0.26600000,2459146.45853000,1.24300000,0.235000,151.6186989,74.8272107,48.48090000,13.4764000
"TIC 178162579","TOI-2842 b","TOI-2842",3.55140580000,2.5750000,0.86700000,2459172.17909000,12.84549188,1.265000,108.0442066,-10.6393400,460.99500000,12.0327000
"TIC 437856897","TOI-4603 b","TOI-4603",7.24599000000,2.8540000,0.15280000,2459549.12600000,11.67975789,2.738000,83.8659288,21.2942417,225.64300000,8.6554000
"TIC 354619337","MASCARA-1 b","MASCARA-1",2.14877381000,4.2260000,0.62160000,2458833.48815100,17.90074218,2.082000,317.5515264,10.7388967,182.27300000,8.0882100
"TIC 12666215","K2-38 b","K2-38",4.01593000000,2.7400000,0.02607000,2456896.87860000,1.54000000,1.060000,240.0333095,-23.1894196,192.69000000,10.6554000
"TIC 280655495","TOI-3364 b","TOI-3364",5.87689180000,4.6460000,0.62400000,2459090.99481000,12.22899794,1.419000,144.5377709,-49.3352226,277.89900000,10.8137000
"TIC 301288279","K2-414 b","K2-414",4.36960000000,,,2457742.09930000,1.21900000,0.732000,351.6361913,-4.6066569,260.03600000,13.2051000
"TIC 245509452","TOI-3688 A b","TOI-3688 A",3.24607500000,3.4820000,0.85000000,2459108.05070000,13.08088048,1.302000,39.2823371,54.8512152,396.37800000,11.8433000
"TIC 106402532","TOI-733 b","TOI-733",4.88476500000,2.6100000,0.04780000,2458545.77670000,1.99200000,0.949000,159.4093183,-40.8882590,75.20920000,8.8411000
"TIC 154293917","TOI-3976 A b","TOI-3976 A",6.60766200000,4.5170000,0.56200000,2459011.15791000,12.27383387,1.501000,224.3560083,44.2743223,516.08700000,11.8136000
"TIC 310002617","TOI-4087 b","TOI-4087",3.17748350000,2.9842000,1.15650000,2459244.56641400,13.04725353,1.112000,217.9257785,83.3727061,301.67600000,11.2961000
"TIC 146520535","TOI-942 b","TOI-942",4.32421000000,3.4032000,0.14800000,2458441.57900000,3.89000000,0.894000,76.6496172,-20.2456126,152.60100000,11.0462000
"TIC 100389539","TOI-4791 b","TOI-4791",4.28088000000,3.3340000,0.65500000,2459237.59508000,12.44196858,1.409000,109.3883818,-19.8289392,328.80200000,10.8961000
"TIC 376524552","TOI-1811 b","TOI-1811",3.71307650000,1.9510000,1.76100000,2459126.36846000,11.14172682,0.769000,188.9223576,27.2143766,128.23000000,11.1237000
"TIC 425997655","HD 23472 d","HD 23472",3.97664000000,1.9900000,0.01420000,2458357.83980000,0.75000000,0.710000,55.4590314,-62.7672667,39.03410000,8.7513000
"TIC 425997655","HD 23472 e","HD 23472",7.90754000000,2.4800000,0.02124177,2458354.56590000,0.81800000,0.710000,55.4590314,-62.7672667,39.03410000,8.7513000
"TIC 363851359","HATS-54 b","HATS-54",2.54417650000,2.4680000,0.67800000,2457780.01023000,11.37711541,1.230000,200.6348641,-44.6888393,748.58500000,13.2755000
"TIC 395393265","TOI-2152 A b","TOI-2152",3.37735120000,3.7150000,0.66600000,2458927.64980000,14.35870428,1.612000,26.3389717,77.7901231,303.00600000,10.7053000
"TIC 77287067","NGTS-23 b","NGTS-23",4.07643260000,3.9190000,1.30331862,2458431.77134000,14.20177855,1.240000,70.4322947,-40.0445299,1074.95000000,13.5861000
"TIC 151920165","NGTS-24 b","NGTS-24",3.46787960000,2.9290000,0.47700000,2458100.62290000,13.60770257,1.640000,168.5638892,-37.9101328,683.06200000,12.5695000
"TIC 290742484","NGTS-25 b","NGTS-25",2.82309300000,2.4660000,,2458204.26373000,11.46678726,0.860000,307.4182976,-39.0323568,521.23300000,13.5460000
"TIC 428787891","TOI-2154 b","TOI-2154",3.82408010000,2.4650000,1.14300000,2459148.60166000,16.28664896,1.396000,71.0281482,84.3642652,296.46000000,10.6611000
"TIC 39414571","TOI-2364 b","TOI-2364",4.01975170000,2.7751000,0.79400000,2459058.21396000,8.60849718,0.886000,89.1300265,-5.0120298,219.61400000,11.5521000
"TIC 100990000","TOI-411 c","HD 22946",9.57308300000,3.6840000,0.02880909,2459161.60861000,2.32800000,1.117000,54.8195380,-42.7630276,62.77920000,7.7570000
"TIC 123357864","Kepler-102 c","Kepler-102",7.07139200000,2.7506000,0.00629000,2454972.97460000,0.56700000,0.724000,281.4824731,47.2078263,107.79600000,10.8515000
"TIC 100990000","TOI-411 b","HD 22946",4.04029500000,3.0740000,0.01435196,2458385.73210000,1.36200000,1.117000,54.8195380,-42.7630276,62.77920000,7.7570000
"TIC 417676622","Kepler-68 c","Kepler-68",9.60502700000,3.0045000,0.00558000,2454969.38210000,0.97900000,1.256400,291.0323102,49.0402129,144.16600000,9.5089800
"TIC 137150039","Kepler-323 b","Kepler-323",1.67832800000,2.5123000,0.01463000,2454953.94780000,1.38100000,1.120000,291.3822988,38.1274595,454.88300000,12.2594000
"TIC 83092282","TOI-622 b","TOI-622",6.40251300000,3.9070000,0.38149509,2458520.69176000,9.23620010,1.415000,125.3050544,-46.4842959,123.29700000,8.5615000
"TIC 95057860","TOI-4201 b","TOI-4201",3.58191940000,2.2310000,3.68500000,2458470.96190000,13.67495645,0.630000,90.4747237,-13.4613710,189.01100000,13.5011000
"TIC 122441003","Kepler-109 b","Kepler-109",6.48163070000,3.6490000,0.03015000,2454955.97791000,2.49000000,1.387000,290.3926795,40.2849074,474.86100000,11.8870000
"TIC 370133522","GJ 1252 b","GJ 1252",0.51823310000,0.7240000,0.08318920,2458668.09744000,1.19300000,0.391000,306.9286462,-56.4622865,20.37300000,10.1165000
"TIC 198008005","TOI-858 B b","TOI-858 B",3.27971780000,3.6024000,0.97400000,2458386.45235000,14.06727078,1.308000,60.1998256,-54.5929177,250.48900000,10.6444000
"TIC 363445121","K2-36 b","K2-36",1.42261400000,1.1232000,0.03450000,2456810.89160000,1.43000000,0.718000,169.4490102,3.8665038,109.74900000,10.9128000
"TIC 363445121","K2-36 c","K2-36",5.34088800000,1.1530000,0.15450000,2456812.84001000,3.20000000,0.718000,169.4490102,3.8665038,109.74900000,10.9128000
"TIC 103633434","TOI-1235 b","TOI-1235",3.44471400000,2.0940000,0.06450000,2458683.61450000,1.69000000,0.619000,152.2182549,69.2766204,39.63450000,9.9192400
"TIC 317060587","TOI-1052 b","TOI-1052",9.13970300000,3.0912936,0.03584158,2458332.94420000,2.87000000,1.264000,337.5102738,-75.6465606,129.80400000,9.0197000
"TIC 357501308","TOI-2018 b","TOI-2018",7.43558300000,2.3600000,0.13106803,2458958.25800000,2.26800000,0.620000,229.8374423,29.2078771,27.99560000,8.9620000
"TIC 118327550","TOI-244 b","TOI-244",7.39722500000,1.7000000,0.10600000,2458357.36270000,1.52000000,0.426000,10.5697537,-36.7179743,22.03370000,10.3475000
"TIC 441738827","TOI-2084 b","TOI-2084",6.07842470000,2.0300000,0.19500000,2458741.07323000,2.47000000,0.475000,259.2545389,72.7470231,114.54900000,13.3257000
"TIC 284441182","TOI-1470 b","TOI-1470",2.52709300000,1.2800000,0.18140000,2458766.47020000,2.18000000,0.469000,10.0891431,61.2133868,51.95030000,11.4752000
"TIC 121214185","Kepler-21 b","Kepler-21",2.78582120000,3.4834000,0.00621700,2455093.83716000,1.63900000,1.902000,287.3619673,38.7141384,108.52200000,7.7648600
"TIC 270701667","Kepler-78 b","Kepler-78",0.35500745000,0.8140000,0.02170000,2454953.95984000,1.20100000,0.747500,293.7419543,44.4482521,124.37600000,10.9555000
"TIC 396972464","K2-12 b","K2-12",8.28246000000,4.1800000,0.04810000,2456815.37010000,2.44000000,1.117000,173.1919022,2.2446794,326.38100000,11.6370000
"TIC 417676622","Kepler-68 b","Kepler-68",5.39875259000,3.4342200,0.03458000,2455006.85878000,2.35700000,1.256400,291.0323102,49.0402129,144.16600000,9.5089800
"TIC 27988327","Kepler-107 d","Kepler-107",7.95839000000,4.3840000,0.00583000,2455702.95470000,0.86000000,1.447000,297.0281620,48.2086019,525.99700000,12.0146000
"TIC 170634116","WASP-79 b","WASP-79",3.66239200000,3.7669692,1.22536583,2458160.18696800,17.14974047,1.510000,66.3709016,-30.6004362,246.69000000,9.6757000
"TIC 137150039","Kepler-323 c","Kepler-323",3.55382290000,3.1029000,0.01918000,2454956.98230000,1.57000000,1.120000,291.3822988,38.1274595,454.88300000,12.2594000
"TIC 466382581","TOI-5803 b","TOI-5803",5.38305000000,1.3820000,0.10780000,2459802.71030000,3.27320000,0.762500,327.2487497,6.2781777,84.01260000,9.9370000
"TIC 259168516","TOI-1680 b","TOI-1680",4.80263450000,1.1860000,0.40700000,2459013.84254000,1.46600000,0.210600,292.3139790,65.9738018,37.22090000,13.3081000
"TIC 27988327","Kepler-107 c","Kepler-107",4.90145200000,4.2690000,0.01396000,2455697.01829000,1.59700000,1.447000,297.0281620,48.2086019,525.99700000,12.0146000
"TIC 27988327","Kepler-107 b","Kepler-107",3.18002180000,3.6330000,0.01219000,2455701.08414000,1.53600000,1.447000,297.0281620,48.2086019,525.99700000,12.0146000
"TIC 50618703","TOI-544 b","TOI-544",1.54835200000,1.2100000,0.09264111,2459199.03136300,2.01800000,0.623000,82.2900716,-0.3428983,41.11660000,9.6504000
"TIC 429358906","TOI-782 b","TOI-782",8.02400150000,1.7082731,0.40100578,2458577.04189000,2.73400000,0.413000,183.9203614,-18.9103377,52.51220000,12.2875000
"TIC 445859771","TOI-1273 b","TOI-1273",4.63129600000,1.4350000,0.48600000,2458712.34680000,11.09689089,1.060000,214.1208564,58.3902534,177.11800000,10.4180000
"TIC 237922465","TOI-2416 b","TOI-2416",8.27547900000,3.7550000,0.65100000,2458359.48840000,9.86390302,1.236000,57.3389409,-60.7871861,557.73300000,12.4333000
"TIC 335590096","TOI-4860 b","TOI-4860",1.52275910000,1.2310000,5.80600000,2460036.69124000,8.70000000,0.358000,183.5639610,-13.1748411,80.14230000,13.7726000
"TIC 305739565","NGTS-27 b","NGTS-27",3.37041810000,4.8880000,0.56100000,2458540.65730000,15.64773706,1.770000,206.0265266,-32.5229747,942.12200000,12.8850000
"TIC 413376180","HATS-2 b","HATS-2",1.35413379000,2.0688000,2.00395507,2458591.08493100,12.57647635,0.876000,176.7388264,-22.5630097,341.92500000,12.7492000
"TIC 8260536","TOI-5398 c","TOI-5398",4.77271000000,3.1270000,0.09200000,2459628.61781000,3.52000000,1.051000,161.8795569,36.3294345,130.85500000,9.5805500
"TIC 9006668","TOI-238 c","TOI-238",8.46565100000,,,2460204.96750000,2.18000000,0.733000,349.2310814,-18.6066463,80.54070000,9.9266010
"TIC 267650535","HAT-P-19 b","HAT-P-19",4.00878322000,2.8368000,2.14837462,2456610.86394500,11.29865255,0.773000,9.5165832,34.7114025,202.07800000,11.9475000
"TIC 73540072","TOI-1853 b","TOI-1853",1.24362580000,1.1900000,0.17900000,2459690.74200000,3.46000000,0.808000,211.4593468,16.9923703,165.10500000,11.3719000
"TIC 27064468","TOI-5126 b","TOI-5126",5.45883850000,3.7260000,0.12300000,2459627.03862000,4.74000000,1.241000,151.6597827,18.6340631,160.41400000,9.5622500
"TIC 61205803","HAT-P-51 b","HAT-P-51",4.21802091000,3.3672000,1.85276525,2458349.53123000,13.50682174,0.995000,21.0651251,32.8107000,440.08900000,12.7628000
"TIC 445903569","TOI-1994 b","TOI-1994",4.03371420000,4.0440000,0.29690000,2458854.37263000,13.67495645,2.300000,147.1745753,-51.7565640,515.60300000,10.2396000
"TIC 77156829","LHS 1678 c","LHS 1678",3.69428400000,1.2300000,0.08328226,2458998.45607000,0.94100000,0.329000,68.1789866,-39.7908744,19.87820000,10.4276000
"TIC 271169413","TOI-4559 b","TOI-4559",3.96599100000,1.3900000,0.12000000,2459335.34470000,1.41500000,0.374000,211.0135378,-30.0141252,31.63540000,10.9139000
"TIC 394918211","TOI-4377 b","TOI-4377",4.37808100000,8.4203321,0.16043825,2458602.12450000,15.10970598,3.520000,164.9324709,-82.2213501,455.82000000,10.7934000
"TIC 198241702","TOI-1269 b","TOI-1269",4.25299130000,2.6216334,0.07585850,2458686.60586000,2.40144286,0.852100,249.6966397,64.5591810,172.13800000,10.9897000
"TIC 470171739","TOI-4153 b","TOI-4153",4.61741410000,4.5122000,0.93230000,2459557.05746000,16.11851425,1.605000,335.3934698,82.2160792,423.84000000,11.1477000
"TIC 23769326","TOI-3919 b","TOI-3919",7.43323400000,3.8540000,0.69500000,2459519.29976000,12.31866979,1.319000,208.9447534,40.3918061,604.59100000,12.3342000
"TIC 365733349","TOI-1288 b","TOI-1288",2.69982790000,2.3792512,0.27980000,2458712.35877000,4.96846551,0.958300,313.1670294,65.6087833,114.86500000,9.9311900
"TIC 260708537","GJ 238 b","GJ 238",1.74469990000,1.2390000,0.01604643,2458326.98222000,0.56600000,0.431400,98.4548810,-58.5250316,15.21420000,9.3685400
"TIC 58825110","TOI-5301 b","TOI-5301",5.85885800000,3.9380000,0.32500000,2459277.36981000,13.09208946,2.190000,12.9908008,13.0783712,629.16100000,11.1893000
"TIC 69356857","TOI-5232 b","TOI-5232",4.09666920000,4.7830000,0.48000000,2459857.92806000,12.77823800,1.785000,294.3374248,35.2764934,609.38800000,11.7791000
"TIC 199444169","TOI-1410.01","TOI-1410",1.21687000000,1.1120799,0.12400000,2458739.72931000,3.10083009,0.755800,334.8828486,42.5603141,72.75120000,10.1917000
"TIC 419523962","TOI-6029 b","TOI-6029",5.79870000000,5.6840000,0.23870000,2459667.06700000,14.39233122,2.338000,8.3862555,61.8607659,603.11900000,11.6593000
"TIC 139375960","TOI-1601 b","TOI-1601",5.33175000000,6.4852265,0.42200000,2458793.27530000,14.19902343,2.195000,38.3615690,41.0134321,336.60800000,10.1035000
"TIC 258514800","TOI-1444 b","TOI-1444",0.47027430000,1.2828040,0.02094931,2458711.36750000,1.41792246,0.910500,305.4749252,70.9437054,125.46300000,10.1522000
"TIC 408618999","TOI-1736 b","TOI-1736",7.07307600000,3.9825962,0.04390000,2458792.79500000,3.18175535,1.428600,43.4344615,69.1013450,88.94820000,8.3302000
"TIC 58542531","TOI-1683.01","TOI-1683",3.05753560000,1.3180000,0.11179638,2458816.41152400,2.63820000,0.700000,65.9796504,27.8223701,51.18840000,9.7940000
"TIC 237104103","TOI-1298 b","TOI-1298",4.53714300000,4.0292720,0.41997559,2458934.12245000,9.65807033,1.453600,241.3229012,70.1900397,319.03600000,10.9585000
"TIC 158241252","TOI-4443.01","TOI-4443",1.84985670000,2.5182760,0.01954102,2459415.15198000,1.71932650,1.017330,274.2686643,21.9095459,56.07390000,7.9147000
"TIC 21535395","TOI-1776 b","TOI-1776",2.79986800000,1.9316857,0.02048553,2458871.49760000,1.21612741,0.935600,164.7772913,40.9837182,44.64700000,7.6586000
"TIC 293607057","BD-14 3065 b","BD-14 3065 A",4.28897310000,3.0860000,0.64900000,2459313.48578000,21.59000000,2.350000,153.6696689,-15.6428372,589.42300000,10.6311000
"TIC 286916251","TOI-1794 b","TOI-1794",8.76552800000,3.9154065,0.05726987,2458715.31200000,3.29701268,1.316200,203.3974857,49.0608433,155.79100000,9.6992400
"TIC 54962195","TOI-663 c","TOI-663",4.69555070000,2.1638721,0.19691017,2458543.40593000,2.26000000,0.512000,160.0658525,-8.5110827,64.23080000,11.7602000
"TIC 230127302","TOI-1246 c","TOI-1246",5.90413700000,2.8928243,0.07739266,2458683.46630000,2.45109846,0.864900,251.1158702,70.4299917,169.42200000,11.1802000
"TIC 404505029","TOI-1842 b","TOI-1842",9.57391810000,4.3070829,0.31700000,2458933.33614000,12.34850230,2.032000,201.9626552,9.0306437,223.46500000,9.2673300
"TIC 230741378","SPECULOOS-3 b","SPECULOOS-3",0.71912603000,0.4560000,0.52910000,2459790.58344000,0.97700000,0.123000,312.3632611,33.6123832,,13.7314000
"TIC 452006073","TOI-3071 b","TOI-3071",1.26693800000,1.8500000,0.25800000,2458594.60800000,7.16000000,1.310000,173.2790517,-56.5033871,485.21900000,11.8706000
"TIC 368435330","HD 93963 A c","HD 93963 A",3.64513890000,2.3643117,0.07800000,2458902.87400000,3.11976057,1.031100,162.7766969,25.6410650,82.34320000,8.6259000
"TIC 368435330","HD 93963 A b","HD 93963 A",1.03761090000,1.8155952,0.02100000,2459635.92600000,1.46954368,1.031100,162.7766969,25.6410650,82.34320000,8.6259000
"TIC 169765334","TOI-329 b","TOI-329",5.70439000000,4.2082686,0.09409863,2459090.79550000,4.94057819,1.532600,351.3210955,-15.6346313,284.38800000,10.6929000
"TIC 317548889","TOI-480 b","TOI-480",6.86619600000,3.5709418,0.03340146,2458469.56590000,2.85372018,1.487700,88.3784618,-16.2653974,54.53060000,6.7799000
"TIC 81247740","TOI-1855 b","TOI-1855",1.36414864000,1.1940000,0.70700000,2459243.19743000,18.49481816,1.041000,205.3539534,17.6868719,176.83300000,10.6503000
"TIC 358070912","TOI-3261 b","TOI-3261",0.88313310000,1.6180000,0.20680675,2459112.40036000,3.82000000,0.849000,47.7285242,-73.5319720,300.14100000,12.4923000
"TIC 124573851","TOI-669 b","TOI-669",3.94515200000,2.8712193,0.08410000,2458546.14190000,2.58606487,0.988200,158.9007013,-5.1813735,142.86700000,10.1755000
"TIC 407966340","HD 25463 b","HD 25463",7.04914230000,3.3487071,0.03005227,2458442.61823000,2.54535814,1.418200,60.7483361,9.2077676,45.61810000,6.4386000
"TIC 401125028","TOI-2368 b","TOI-2368",5.17500730000,2.0250000,1.28300000,2459752.59549000,10.83908434,0.846000,134.9576234,-48.4884929,210.91500000,11.6955000
"TIC 446549906","TOI-2107 b","TOI-2107",2.45454670000,2.5956000,2.13100000,2459228.98176000,13.57407563,0.932000,286.7965405,-58.6968348,236.70500000,11.3819000
"TIC 232612416","TOI-1248 b","TOI-1248",4.36015610000,2.3141338,0.55922909,2458687.12116000,6.80848590,0.868600,259.0235918,63.1056072,168.73500000,11.1153000
"TIC 460205581","TOI-837 b","TOI-837",8.32491130000,1.9830000,0.45350000,2459356.81398000,9.16894621,1.052000,157.0372806,-64.5052107,142.48800000,9.9322000
"TIC 165464482","TOI-3894 b","TOI-3894",4.33454000000,3.5950000,0.89780000,2459250.50777000,15.27784069,1.502000,201.3748265,52.7681036,417.36500000,11.3230000
"TIC 306648160","TOI-3321 b","TOI-3321",3.65251450000,4.3100000,0.96600000,2458940.81751000,15.55806521,1.549000,265.7603351,-65.0082516,285.89500000,10.6651000
"TIC 127530399","WASP-132 b","WASP-132",7.13351640000,11.0400000,1.80375300,2459337.60808000,10.09929161,0.758000,217.6091998,-46.1595160,122.91000000,11.1116000
"TIC 293612446","K2-260 b","K2-260",2.62669762000,4.1990400,0.92500000,2457894.28487600,18.41635529,1.755000,76.8673317,16.8676948,663.83400000,12.0364000
"TIC 16288184","K2-237 b","K2-237",2.18053332000,2.9272800,1.41600000,2457706.61618000,16.06246934,1.236000,253.7688479,-28.7105836,314.99500000,11.0657000
"TIC 85293053","TOI-1772.01","TOI-1772",8.05424687400,3.4202000,0.07068165,2459628.85070000,2.90500000,0.995000,156.8377040,34.3909497,97.75620000,9.3523000
"TIC 127530399","WASP-132 c","WASP-132",1.01153624000,1.4910000,0.06406893,2458597.57584000,1.84100000,0.758000,217.6091998,-46.1595160,122.91000000,11.1116000
"TIC 277833995","K2-321 b","K2-321",2.29797490000,1.1472000,0.09920000,2458141.26759000,2.05124347,0.595000,156.4054989,2.5138829,77.68880000,11.7580000
"TIC 69747919","K2-167 b","K2-167",9.97854100000,3.6000000,0.02060000,2457299.24650000,2.36509493,1.499000,336.5761233,-18.0116650,80.89940000,7.7275000
"TIC 146364192","K2-265 b","K2-265",2.36902000000,2.3088000,0.02870000,2457017.18078000,1.70824866,0.920000,342.0316493,-14.4947789,138.67100000,10.4222000
"TIC 349827430","KELT-24 b","KELT-24",5.55149296000,4.3032000,0.75730000,2459173.34742600,12.71098411,1.338000,161.9090273,71.6557270,96.51730000,7.9179000
"TIC 160390955","TOI-3568 b","TOI-3568",4.41796500000,2.4500000,0.67901682,2459799.38340000,5.30000000,0.719000,322.6023682,34.7395805,197.90600000,12.0729000
"TIC 146799150","K2-57 b","K2-57",9.00730000000,2.5800000,0.09900000,2457011.35680000,2.30905002,0.671000,342.6918241,-14.0700007,264.21300000,13.3833000
"TIC 12822545","K2-54 b","K2-54",9.78330000000,2.7888000,0.13900000,2457012.28750000,2.61169250,0.643000,338.0541631,-17.5440636,174.95500000,13.0367000
"TIC 435339847","K2-77 b","K2-77",8.20008440000,2.5440000,0.08310000,2457316.80766000,2.49960270,0.792000,55.2285210,12.5724480,141.73100000,11.2867000
"TIC 366411016","K2-180 b","K2-180",8.86566300000,2.8488000,0.09870000,2457489.15660000,2.46597575,0.719000,126.4643579,10.2465770,203.89600000,11.8964000
"TIC 366568760","K2-97 b","K2-97",8.40711500000,6.2712000,0.08910000,2457722.14470000,13.45077684,4.140000,127.7628370,10.8475571,878.43000000,11.6522000
"TIC 366631954","K2-182 b","K2-182",4.73696960000,2.5663200,0.09880000,2457652.79755000,2.71257333,0.789000,130.1800460,10.9829509,154.83000000,11.1704000
"TIC 97921547","NGTS-33 b","NGTS-33",2.82797200000,2.6200000,1.48460000,2459986.40900000,18.38272835,1.470000,107.8333348,-35.8505185,437.85500000,11.1007000
"TIC 158625964","Kepler-105 b","Kepler-105",5.41220340000,2.9472000,0.05981000,2454955.31860000,2.53000000,1.026000,287.8872376,46.2761224,459.22300000,12.4008000
"TIC 158625964","Kepler-105 c","Kepler-105",7.12592000000,3.0014000,0.01944000,2454957.75300000,1.44000000,1.026000,287.8872376,46.2761224,459.22300000,12.4008000
"TIC 404421005","K2-277 b","K2-277",6.32676800000,1.9656000,0.04180000,2457303.47710000,2.18575124,0.973000,202.0161895,-15.9379749,113.12300000,9.6656200
"TIC 153065527","TOI-406 c","TOI-406",3.30744100000,1.0500000,0.10605716,2458385.38800000,1.32000000,0.410000,49.2626428,-42.2441492,31.05970000,11.2828000
"TIC 282485660","TOI-5005 b","TOI-5005",6.30850440000,3.1440000,0.38000000,2460090.03560000,6.25000000,0.930000,238.1081940,-48.1451000,207.89100000,11.1300000
"TIC 443556801","TOI-2768 b","TOI-2768",1.50801000000,1.0320000,0.17900000,2459225.64420000,2.63000000,0.657000,99.3641336,-15.4812031,78.45250000,11.3676000
"TIC 154089169","TOI-1174 b","TOI-1174",8.95348768300,3.0631000,0.11360000,2459657.03302000,2.56200000,0.760000,209.2171751,68.6182106,94.63750000,10.2549000
"TIC 287145649","TOI-2981 b","TOI-2981",3.60150100000,3.0700000,1.36300000,2459302.71950000,13.40000000,1.080000,163.4873940,-25.5245988,527.78900000,12.7533000
"TIC 158002130","TOI-1180 b","TOI-1180",9.68676037800,2.7490000,0.16690000,2459950.32735000,3.07200000,0.730000,214.5557741,82.1937642,72.02380000,10.1120000
"TIC 219852584","TOI-1295 b","TOI-1295",3.19688380000,6.2000000,0.79589807,2459913.37999000,15.69257298,1.700000,256.6722026,67.8715032,388.22700000,10.7973000
"TIC 210083929","TOI-6130 b","TOI-6130",2.39267900000,2.4200000,1.34050000,2459849.63919000,14.34749530,1.510000,339.2050832,16.8271941,220.88200000,10.5581000
"TIC 333605244","K2-203 b","K2-203",9.69520000000,3.1032000,0.02300000,2457435.41890000,1.26549392,0.765000,12.7736909,-1.1958844,166.14700000,11.5474000
"TIC 174328045","TOI-6651 b","TOI-6651",5.05697300000,3.6100000,0.07840000,2459857.71160000,5.09000000,1.721000,15.7885904,35.3890405,212.12800000,9.6089200
"TIC 240968774","TOI-1467 b","TOI-1467",5.97114713000,1.5784000,0.14371086,2458766.98850000,1.92000000,0.491000,19.1146441,49.2331382,37.44180000,10.5977000
"TIC 288631580","TOI-1659.01","TOI-1659",5.87755632800,2.8907000,0.04122881,2459757.35680000,2.25500000,1.006000,277.9251938,82.3059487,122.49400000,9.5690600
"TIC 397362481","HD 101581 c","HIP 56998",6.20401000000,1.7600000,0.02108404,2460017.11400000,0.99000000,0.630000,175.2563039,-44.4041485,12.77810000,6.7213000
"TIC 399722652","K2-208 b","K2-208",4.19097000000,1.9440000,0.03090000,2457430.03900000,1.67462172,0.872000,20.7789809,0.8890076,256.88700000,11.8333000
"TIC 14336130","TOI-1716.01","TOI-1716",8.08237655400,3.5635000,0.05590000,2459959.22130000,3.14300000,1.240000,105.0833291,56.8241941,104.15800000,8.8289700
"TIC 194736418","TOI-6038 A b","TOI-6038 A",5.82673110000,5.0420000,0.12740000,2459883.05800000,6.41000000,1.648000,51.6572691,40.8172704,179.14700000,9.3229000
"TIC 422618449","HIP 116454 b","HIP 116454",9.10041570000,2.4310000,0.08890000,2458072.29291000,2.46900000,0.758000,353.9543517,0.4447043,62.44910000,9.3742000
"TIC 268532343","TOI-2420 b","TOI-2420",5.84264100000,4.5540000,0.26700000,2458388.41190000,15.02003414,2.369000,14.8268138,-19.7711643,435.17400000,10.8285000
"TIC 159418353","TOI-1739 b","TOI-1739",8.30334140600,1.8708000,0.04300000,2459631.82035000,1.94600000,0.781000,240.1724810,83.2586589,70.98190000,9.8120000
"TIC 97714451","TOI-4734 b","TOI-4734",6.23563300000,5.8130000,0.29080000,2459710.23803000,10.91754720,1.857000,90.3581219,12.5478825,563.06800000,11.9039000
"TIC 198390247","TOI-1453 c","TOI-1453",6.58869820000,1.8740000,0.08520000,2459395.38133000,2.22400000,0.720000,258.2232705,57.1977779,78.74150000,10.1426000
"TIC 203377303","TOI-3493 b","TOI-3493",8.15946670000,4.3972747,0.07571865,2459313.04674550,3.22000000,1.228000,205.7990331,-22.5854441,96.72240000,8.7028000
"TIC 36452991","TOI-2969 b","TOI-2969",1.82371460000,1.8460000,2.29200000,2459303.30015000,12.32987877,0.700000,150.0626247,-47.4452436,163.99600000,11.9361000
"TIC 267215820","TOI-5300 b","TOI-5300",2.26219600000,2.3600000,2.44700000,2459470.41740000,9.86390302,0.650000,356.4811370,0.4587978,162.51000000,12.4559000
"TIC 95589845","TOI-4794 b","TOI-4794",3.56581160000,4.0150000,0.82300000,2458889.68950000,14.35870428,1.451000,110.4835517,-12.5654781,543.00800000,12.0465000
"TIC 14156936","TOI-5340 b","TOI-5340",4.93943920000,4.9800000,0.56300000,2459712.57912000,15.07607904,1.842000,59.3094816,22.3783373,532.62900000,11.7085000
"TIC 153078576","TOI-2407 b","TOI-2407",2.70296900000,1.7000000,0.51326783,2459149.05610000,4.26000000,0.567000,49.7465450,-46.4580250,92.43660000,12.5264000
"TIC 202425357","TOI-5386 A b","TOI-5386 A",3.62156552000,2.2230000,1.17200000,2459621.28242000,14.70618268,1.245000,226.1069193,60.5362318,394.48600000,11.3502000
"TIC 368287008","TOI-2015 b","TOI-2015",3.34823700000,0.9876000,0.87000000,2459424.78570000,3.30900000,0.327300,232.1326528,27.3610730,47.34440000,12.8387000
"TIC 295541511","TOI-1117 b","TOI-1117",2.22816000000,2.0150000,0.06300000,2459386.96400000,2.46000000,1.050000,273.6020606,-66.4199742,167.59800000,10.4055000
"TIC 147977348","TOI-640 b","TOI-640",5.00377700000,3.6960000,0.73900000,2458459.74130000,19.27944680,2.082000,99.7345935,-36.6461300,341.99700000,10.0367000
"TIC 153951307","TOI-1238 c","TOI-1238",3.29473600000,1.7500000,0.11134200,2458707.35200000,2.11000000,0.580000,201.3823387,68.8360678,70.71450000,11.2582000
"TIC 153951307","TOI-1238 b","TOI-1238",0.76459700000,1.0900000,0.03663400,2458684.10200000,1.21000000,0.580000,201.3823387,68.8360678,70.71450000,11.2582000
"TIC 120418600","KOI-1843.03","Kepler-974",0.17689130000,0.6500000,0.01500000,2454964.55230000,0.61000000,0.450000,285.0131082,40.2209547,134.31100000,13.3179000
"TIC 281837575","TOI-5143 c","TOI-5143",5.20971180000,1.6975678,1.13944692,2459527.24264000,16.25302201,0.852000,165.3651202,5.1394812,181.38000000,11.2668000
"TIC 144401492","TOI-1803 b","TOI-1803",6.29328700000,2.5900000,0.18100000,2458904.62370000,2.99000000,0.715000,178.0461054,35.1718001,119.24000000,11.1476000
"TIC 232941965","TOI-5882 b","TOI-5882",7.14897200000,7.1260000,0.19000000,2459768.86210000,11.46678726,2.260000,311.8886385,34.7374918,416.10400000,10.6338000
"TIC 317483660","TOI-2346 b","TOI-2346",3.33120290000,3.7970000,1.14700000,2459040.83958000,16.11851425,1.380000,88.0929073,-13.3724686,437.48400000,11.5584000
"TIC 318796593","TOI-2886 b","TOI-2886",1.60200105000,2.7840000,1.89700000,2459311.01449000,18.64053490,1.241000,110.0076569,-10.5698414,413.67300000,11.7858000
"TIC 10827386","TOI-2876 b","TOI-2876",6.29964310000,2.2490000,1.02500000,2459109.77217000,9.63972340,0.873000,110.2473528,-21.1146384,225.74400000,11.7038000
"TIC 148497855","TOI-2986 b","TOI-2986",3.27836620000,3.9580000,0.34150000,2459537.62548000,9.29224500,1.458000,163.7715605,-6.4784524,563.14900000,12.0682000
"TIC 332911893","WASP-116 b","WASP-116",6.61320000000,5.6460000,0.77630000,2457092.22528000,13.67495645,1.426000,35.2157609,-1.8260419,559.24300000,11.8795000
"TIC 448098793","TOI-3135 b","TOI-3135",3.70655850000,2.2300000,1.61600000,2459595.16441000,13.65253849,0.985000,207.8592276,-69.7725635,221.67300000,11.0994000
"TIC 289574465","WASP-188 b","WASP-188",5.74891600000,4.4120000,0.55090000,2457033.12141000,14.81827249,1.830000,278.7819771,36.6156327,675.28100000,11.7191000
"TIC 857186","WASP-154 b","WASP-154",3.81167800000,2.5650000,1.44000000,2459465.89195000,10.76062147,0.823000,327.7191734,-8.6359458,215.50100000,12.2037000
"TIC 434398831","TIC 434398831 b","TIC 434398831",3.68550400000,2.7600000,,2458468.63500000,3.51000000,0.909000,93.9592639,16.0238459,217.01100000,11.3110000
"TIC 290504044","TOI-3464 b","TOI-3464",3.65155680000,2.5080000,0.65400000,2459703.56516000,13.76462830,1.560000,234.4830357,-44.7899772,597.77400000,12.0719000
"TIC 178155732","HR 858 c","HR 858",5.97386500000,2.8430000,0.02087000,2458415.63344000,1.97900000,1.258000,42.9849779,-30.8140609,31.96400000,5.9053000
"TIC 85266608","WASP-197 b","WASP-197",5.16722800000,5.9764524,0.39310000,2456885.10428000,14.44837612,2.112000,160.6307133,28.1986255,483.67500000,10.8583000
"TIC 51637609","WASP-102 b","WASP-102",2.70981300000,3.2820000,0.99490000,2457109.45577000,14.90794433,1.375000,336.4643016,15.8566392,535.68900000,12.1088000
"TIC 221861843","TOI-3486 b","TOI-3486",2.21778105000,1.7170000,1.51500000,2459797.24218000,10.57006880,0.788000,249.4432035,-59.3051077,154.71500000,11.4867000
"TIC 266980320","HD 219666 b","HD 219666",6.03446800000,2.1580000,0.17506458,2459083.51070000,4.89800000,1.059000,349.5592665,-56.9039857,94.17190000,9.1790000
"TIC 28961316","TOI-3682 b","TOI-3682",3.34624060000,4.1760000,0.45760000,2459692.65921000,12.80065596,1.735000,50.2752271,25.2972658,404.21100000,11.3186000
"TIC 409594381","TOI-4214 b","TOI-4214",3.49138850000,3.2540000,0.46630000,2459129.83460000,10.68215861,1.434000,110.2495104,-13.9262649,346.88100000,11.0071000
"TIC 309694541","NGTS-32 b","NGTS-32",3.31211000000,4.5870457,0.56292158,2459435.76300000,15.91675259,1.850000,223.8576228,-18.4323191,837.45700000,12.8222000
"TIC 9006668","TOI-238 b","TOI-238",1.27309900000,1.5870000,0.04140000,2460205.75240000,1.55900000,0.756000,349.2310814,-18.6066463,80.54070000,9.9266010
"TIC 425817867","WASP-110 b","WASP-110",3.77840220000,2.8296300,2.45824117,2456502.72415000,13.19297028,0.853000,305.8724366,-44.0587001,274.96000000,12.0491000
"TIC 428820090","K2-233 c","K2-233",7.06024000000,2.6870000,,2457586.86200000,1.27200000,0.710000,230.4799011,-20.2317975,67.50620000,9.8125000
"TIC 402026209","WASP-4 b","WASP-4",1.33823099400,2.1664800,2.31200000,2455804.51567913,15.12091496,0.912000,353.5629149,-42.0617794,267.20600000,11.8295000
"TIC 290032428","Kepler-391 b","Kepler-391",7.41750000000,7.1200000,0.00726000,2455690.39590000,2.50000000,2.879000,290.6218844,51.0573453,869.23600000,12.3950000
"TIC 229650439","TOI-1438 b","TOI-1438",5.13967000000,1.0400000,0.07695997,2458683.62560000,3.04000000,0.820000,280.9237844,74.9378327,110.51300000,10.3237000
"TIC 229650439","TOI-1438 c","TOI-1438",9.42808900000,1.6700000,0.07990000,2458689.91360000,2.75000000,0.820000,280.9237844,74.9378327,110.51300000,10.3237000
"TIC 73649615","TOI-756 b","TOI-756",1.23924950000,1.1000000,0.29173715,2458570.65234000,2.81000000,0.505000,192.1037380,-45.4704709,86.17590000,12.5554000
"TIC 344657681","K2-214 b","K2-214",8.59656000000,3.7296000,0.04000000,2457396.60090000,2.51000000,1.236000,14.8759777,4.2277722,300.64000000,11.1651000
"TIC 23434737","TOI-1203 b","TOI-1203",4.15728880000,1.9110000,,2458545.89160000,1.52000000,1.179000,168.2267358,-34.4069371,64.99430000,7.9995000
"TIC 257060897","TIC 257060897 b","TIC 257060897",3.66003639000,4.7416800,0.78500000,2459473.94542000,17.26183028,1.863000,227.5321527,72.7103128,505.70300000,11.2633000
"TIC 35009898","TOI-654.01","TOI-654",1.52756100000,1.2000000,0.28924228,2459243.05840000,2.37800000,0.430000,164.7245509,-5.5475446,57.75530000,12.2255000
"TIC 68504570","K2-37 b","K2-37",4.44340000000,2.3000000,0.03580000,2456893.67530000,1.39000000,0.809000,243.4509662,-24.7870527,179.94300000,11.6368000
"TIC 437704321","K2-55 b","K2-55",2.84927100000,2.0060000,0.39540000,2456983.42290000,4.43000000,0.715000,333.7518786,-17.2508002,159.52200000,12.3071000
"TIC 402828941","TOI-5261 b","TOI-5261",4.15097680000,2.3592000,1.15300000,2459716.93100000,11.60129502,1.021000,305.4585453,19.4358468,377.05400000,12.1444000
"TIC 415276070","TOI-4773 b","TOI-4773",1.74528510000,1.9608000,0.75100000,2459673.53995000,15.22179579,1.550000,114.9426489,-21.4856184,492.88800000,11.4048000
"TIC 193336820","Ross 176 b","Ross 176",5.00663380000,1.6600000,0.12900000,2459829.76270000,1.84000000,0.569000,305.6897438,47.3086191,46.44880000,10.4382000
"TIC 402314147","K2-61 b","K2-61",2.57336000000,2.3300000,0.03640000,2456983.21400000,1.92000000,0.995000,339.6748444,-13.5600447,405.73200000,12.3951000
"TIC 143526233","TOI-6420 b","TOI-6420",6.96150800000,2.7504000,0.64900000,2459909.27030000,11.93756445,1.312000,125.5443036,-19.1242852,634.71200000,12.4877000
"TIC 68808155","TOI-5350 b","TOI-5350",7.58136700000,4.4856000,0.91100000,2459611.65813000,12.41955062,1.263000,74.4023015,21.6019759,277.41900000,11.1846000
"TIC 38354061","K2-73 b","K2-73",7.49556000000,3.5904000,0.05800000,2456987.67260000,2.58000000,1.058000,335.0256620,-9.0560881,269.18300000,11.2821000
"TIC 328081248","TOI-5799 b","TOI-5799",4.16450700000,1.3522000,0.26122397,2460255.41850000,1.73300000,0.321000,301.6301790,15.9891418,27.81230000,11.1798000
"TIC 219852882","TOI-1346 b","TOI-1346",1.76225380000,0.8779711,0.07335551,2459978.02390000,2.39000000,0.780000,256.6226752,68.8433031,115.45000000,10.7261000
"TIC 219852882","TOI-1346 c","TOI-1346",5.50255800000,3.1711008,0.08447023,2459771.72743000,2.23000000,0.780000,256.6226752,68.8433031,115.45000000,10.7261000
"TIC 6892385","K2-105 b","K2-105",8.26726000000,3.4300000,0.13380000,2457147.98867000,3.40000000,0.905000,125.4202985,13.4975122,197.98900000,11.2089000
"TIC 288144647","TOI-6223 b","TOI-6223",3.85521900000,2.0141000,0.66240000,2459856.48875000,5.07000000,0.576000,355.9505977,33.0672361,133.12200000,12.6758000
"TIC 259233660","TOI-6000 b","TOI-6000",0.44895900000,0.7637477,0.06748277,2460109.91700000,0.94000000,0.380000,292.6062979,68.1545924,75.76640000,13.1638000
"TIC 422349881","K2-189 c","K2-189",6.67932000000,2.7096000,0.07840000,2457223.41820000,2.31000000,0.879000,203.6214411,-15.0365158,242.11300000,11.7537000
"TIC 186810676","TOI-6303 b","TOI-6303",9.48523600000,2.9180000,3.24170000,2459901.01440000,11.59000000,0.609000,46.7806502,40.1471740,152.21900000,12.9386000
"TIC 152476657","WASP-120 b","WASP-120",3.61126721000,3.5377447,0.56840944,2456779.43470000,15.58048317,1.684430,62.6160813,-45.8982434,381.17400000,10.5831000
"TIC 178284730","WASP-140 b","WASP-140",2.23598448000,1.5254332,1.90580137,2456912.35261000,14.23540549,0.870000,60.3855387,-20.4509991,117.59800000,10.3074000
"TIC 354944123","TOI-4342 b","TOI-4342",5.53825920000,2.1820000,0.14071119,2458654.53479000,2.32900000,0.598000,324.3894196,-77.9791468,61.52040000,11.0318000
"TIC 468983280","TOI-5489 b","TOI-5489",3.15222000000,1.4637784,0.10397670,2458493.70710000,1.40000000,0.420000,128.6912940,11.4895882,45.09070000,11.6923000
"TIC 154872375","TOI-1135 b","TOI-1135",8.02773270000,4.4616000,0.57050000,2460466.30793000,9.91994792,1.202000,193.3963704,85.1294952,114.04800000,9.0285500
"TIC 298074836","TOI-5716 b","TOI-5716",6.76630000000,1.0575063,0.19983739,2458683.61514000,0.96000000,0.220000,201.9007989,73.1774325,39.41220000,13.1066000
"TIC 9989136","TOI-5734 b","TOI-5734",6.18418760000,2.3900000,0.10523509,2458842.51070000,2.10000000,0.639000,111.2558179,37.2311218,32.51020000,8.5446000
"TIC 281885301","K2-19 d","K2-19",2.50827000000,1.9300000,0.01900000,2456828.99090000,1.04400000,0.824000,174.9602543,0.6035960,289.82700000,12.3049000
"TIC 459837008","TOI-2267 c","TOI-2267 A",3.49504120000,0.8930000,0.28200000,2459525.64728000,1.14000000,0.207500,65.0614963,84.9008238,22.55000000,12.2591000
"TIC 459837008","TOI-2267 b","TOI-2267 A",2.28909000000,0.8150000,0.22300000,2459525.40333000,1.00000000,0.207500,65.0614963,84.9008238,22.55000000,12.2591000
"TIC 424196109","TOI-5007 b","TOI-5007",2.54337100000,1.4420000,2.13000000,2460068.81100000,11.07447293,0.656000,236.0638704,-61.0413649,203.35200000,13.6366000
"TIC 280097543","TOI-375 b","TOI-375",9.45469000000,9.8400000,0.13549262,2458329.29100000,10.77183045,2.900000,47.1499034,-77.3833275,396.21300000,10.4471000
"TIC 80611440","TOI-5422 b","TOI-5422",5.37721900000,4.6680000,0.32060000,2459961.67611000,9.10169233,1.474000,86.8436173,25.6260342,346.14100000,11.2391000
"TIC 8400842","XO-3 b","XO-3",3.19152309000,2.9638000,0.82000000,2457424.98786000,14.79585452,1.523000,65.4695814,57.8172095,213.05300000,9.4410000
"TIC 42883782","TOI-5788 b","TOI-5788",6.34075800000,3.3410000,0.03300000,2459611.74250000,1.52800000,0.870000,287.4249017,31.7615284,97.61400000,9.6069000
"TIC 219698776","TOI-1243 b","TOI-1243",4.65947790000,0.9011821,0.17251706,2459369.83103000,2.33000000,0.511000,135.7326412,71.6364158,43.18650000,11.1966000
"TIC 452508760","TOI-5938 b","TOI-5938",2.26042400000,1.9150000,0.26800000,2459820.18150000,3.82000000,0.712000,303.9088422,28.6592261,114.03500000,11.3519000
"TIC 405837291","TOI-7009 b","TOI-7009",2.32066120000,1.2270000,0.29350000,2460392.36270000,3.71000000,0.564000,299.5131334,55.6510291,184.12000000,12.9341000
"TIC 407591297","TOI-5388.01","TOI-5388",2.59467480000,0.3130000,0.10700000,2459348.07817000,0.99000000,0.300000,152.1765169,35.5475571,18.52260000,10.5737000
"TIC 112115898","TOI-6716 b","TOI-6716",4.71858980000,1.2370000,0.17348674,2459632.34484000,0.98200000,0.231000,111.6570820,-30.5521801,18.88730000,11.7735000
"TIC 306955329","TOI-1472 b","TOI-1472",6.36338574000,2.7400000,0.23686952,2459694.66385000,4.05800000,0.840000,14.1142611,48.6375168,121.84000000,10.5508000
"TIC 376353509","TOI-1648 b","TOI-1648",7.33160200000,1.5400000,0.08930000,2459925.34310000,2.54000000,0.810000,45.4011794,69.2299235,69.83500000,9.5831000
"TIC 427761355","TOI-1518 b","TOI-1518",1.90261131000,2.3950000,0.98800000,2459983.79194200,21.05046575,1.942000,352.2675207,67.0348062,225.88800000,8.7512700
"TIC 318022259","LHS 1903 b","LHS 1903",2.15550980000,1.5620000,0.05530000,2458844.57710000,1.38200000,0.539000,107.8658260,48.3279327,35.69170000,10.3595000
"TIC 318022259","LHS 1903 c","LHS 1903",6.22618500000,1.9860000,0.12100000,2458844.36920000,2.04600000,0.539000,107.8658260,48.3279327,35.69170000,10.3595000
"TIC 161032923","TOI-1080 b","TOI-1080",3.96524820000,1.0200000,0.36807544,2459756.40002000,1.20000000,0.201900,276.3683249,-52.2145730,25.55900000,12.7067000
"TIC 231949697","TIC 231949697 b","TIC 231949697",0.90720448719,0.9668435,0.07801900,2459204.37116824,1.52831855,0.492584,94.2576817,-43.3661845,50.24080000,11.3301000
"TIC 290131778","HD 202772 A b","HD 202772 A",3.30887750000,5.6731000,0.46700000,2458328.68357000,18.23701160,2.554000,319.6995877,-26.6163743,161.49800000,7.8759800
"TIC 408261725","TOI-4513 b","TOI-4513",9.76042253684,2.2316268,0.07900000,2459468.70118266,2.34587608,0.796628,18.0905179,13.7550796,102.60900000,9.9606400
"TIC 24750448","TIC 24750448 b","TIC 24750448",3.59159193029,2.1482521,,2459058.37268947,2.43722231,0.713599,26.1958598,-68.6447552,178.14600000,12.4972000
"TIC 77253676","TOI-697 b","TOI-697",8.60788713593,3.3441790,0.05550622,2459185.02728159,2.35859364,0.968149,69.7042208,-36.6813257,93.77140000,9.3553000
"TIC 33716474","TOI-4561 b","TOI-4561",8.93547936706,2.1393243,0.04205298,2459366.58690290,1.77789214,0.851957,60.9618951,-76.0214574,179.00800000,11.0559000
"TIC 337216118","TOI-4640 b","TOI-4640",2.68566015238,2.2493108,0.06328098,2459474.61326241,2.84326517,1.067150,38.2053190,10.0724659,245.08900000,11.0771000
"TIC 38828280","TIC 38828280 b","TIC 38828280",4.85558984762,2.1393358,,2459052.85296096,2.62701629,0.741147,68.3926457,-62.1697135,286.41500000,12.7806000
"TIC 278775625","TOI-921 b","TOI-921",5.12871907628,2.1590444,0.08094473,2459164.91866885,3.53409617,1.141650,99.6742038,-56.2205396,294.01500000,11.2559000
"TIC 307221757","TOI-4930 b","TOI-4930",6.78130241498,4.2251893,0.26400000,2459337.90144130,6.93277225,1.159260,208.6418883,-45.1544786,413.75700000,12.0678000
"TIC 62895484","TIC 62895484 b","TIC 62895484",2.83985434327,2.4833628,,2459577.91699396,3.49391667,0.874291,116.6385519,22.5903733,294.85700000,12.0666000
"TIC 408137826","TOI-941 b","TOI-941",8.51460888787,3.9173097,0.42436394,2458440.47598067,6.51165317,1.184900,78.3005249,6.5459146,263.38600000,10.9968000
"TIC 286712787","TOI-5159 b","TOI-5159",5.83639428843,2.6074961,0.02567045,2459531.98162073,1.54732112,0.854084,142.7859562,20.0193431,55.17880000,8.6739000
"TIC 86380416","TIC 86380416 b","TIC 86380416",6.04086434610,3.1347908,,2458701.56161169,2.41236120,0.989724,145.1603760,65.7327948,244.68000000,11.1858000
"TIC 281885301","K2-19 b","K2-19",7.91930000000,3.2370000,0.66730000,2456813.40000000,7.00000000,0.820000,174.9602543,0.6035960,289.82700000,12.3049000
"TIC 381360750","TOI-5335 b","TOI-5335",3.61365988443,2.5345785,0.17800000,2459488.19923532,4.02422162,0.916633,46.9523734,15.3590831,331.28900000,12.5223000
"TIC 88692598","TIC 88692598 b","TIC 88692598",2.64909436758,1.6702651,,2459628.16460407,1.81295951,0.532473,149.2109097,47.7706699,73.52580000,12.0152000
"TIC 287139872","TOI-1752 b","TOI-1752",0.93518610000,1.0410000,0.11502871,2459334.47908000,1.69300000,0.530000,253.4614861,60.7096197,103.02100000,12.7463000
"TIC 198241702","TOI-1269 c","TOI-1269",9.23786144195,2.7438438,0.06600000,2459711.38309896,2.22999162,0.848906,249.6966397,64.5591810,172.13800000,10.9897000
"TIC 291109653","TOI-5486 b","TOI-5486",2.02470073205,1.6549918,0.43900000,2459571.60343651,3.96824928,0.553216,190.5495041,3.7886012,89.68110000,12.2937000
"TIC 139702105","TIC 139702105 b","TIC 139702105",6.83601903383,2.2345072,,2459183.46192268,2.45316949,1.254230,66.4980340,-18.2145450,91.78840000,8.9996000
"TIC 53498154","TOI-5624 c","TOI-5624",7.88538500000,3.1650000,0.76200000,2459650.92410000,2.47400000,0.820000,180.8443476,49.2512257,101.91300000,10.0326000
"TIC 257241363","TOI-1718 b","TOI-1718",5.58703768615,3.0007770,0.19070000,2459518.47207549,4.10824994,0.939285,112.0180254,30.3217322,52.30440000,8.2558000
"TIC 318836983","TOI-5532 b","TOI-5532",5.65396594310,2.8984183,0.12231789,2459497.80870780,2.52763693,0.662052,41.3804035,5.1507331,90.99850000,11.5212000
"TIC 161045582","TIC 161045582 b","TIC 161045582",8.85577189959,4.1992390,,2459658.47003513,2.24566738,1.079760,223.6258514,49.0977250,162.24600000,10.1562000
"TIC 470987100","TOI-1732 b","TOI-1732",4.11923678339,2.1826809,0.12365042,2459584.76100942,2.49549787,0.632571,111.8014509,53.0452684,74.75990000,11.3266000
"TIC 252469648","TOI-5605 b","TOI-5605",5.91340454843,2.3829991,0.09800000,2459629.65111703,2.52611303,0.736044,150.5380078,50.1453867,95.07350000,11.0737000
"TIC 364074068","TOI-1756 b","TOI-1756",2.78301736297,1.8164400,0.09162641,2458859.47478748,1.94225664,0.562607,306.3287741,77.6364119,86.71590000,12.0948000
"TIC 316416562","TOI-5630 b","TOI-5630",3.22118452536,3.4226387,0.05360000,2459678.01545720,2.37117553,0.933361,236.4538532,40.3748618,134.04700000,10.3331000
"TIC 206466666","TIC 206466666 b","TIC 206466666",9.10486865159,2.5585481,,2459161.87393370,2.14817673,0.667193,56.7694828,-52.3667509,127.83700000,11.5299000
"TIC 381714186","TOI-1839 b","TOI-1839",1.42378440907,1.7875652,0.07210459,2458938.48301058,2.21895097,0.848099,196.8331106,5.8520458,116.08600000,10.2173000
"TIC 372831381","TOI-5926 b","TOI-5926",3.81122794237,2.2838641,0.65600000,2459812.32486960,7.56807148,0.890046,308.0784435,15.5030795,275.10300000,12.0025000
"TIC 290487717","TIC 290487717 b","TIC 290487717",3.40081822900,3.0772025,,2458526.69943932,6.63777941,0.943767,139.0870563,2.5508053,395.57400000,12.7226000
"TIC 151825527","TOI-672 b","TOI-672",3.63358100000,1.8000000,0.86684420,2458546.47960000,5.31000000,0.540000,167.9908627,-39.3281151,66.90710000,11.6739000
"TIC 198360694","TOI-2071 b","TOI-2071",5.67395386982,2.8641894,0.06412779,2459784.44248281,2.56484195,1.002860,256.6011813,57.6610327,231.31100000,11.0400000
"TIC 356227008","TIC 356227008 b","TIC 356227008",2.96147448702,2.5830627,,2459008.20336119,2.39024009,0.959792,267.2508238,50.1308080,387.60900000,12.3773000
"TIC 96925186","TOI-2518 b","TOI-2518",6.89797425216,3.6388174,0.05500000,2459231.04512184,2.26838675,0.993374,105.4448495,-34.9196867,160.82500000,10.2282000
"TIC 147821208","TOI-6393 b","TOI-6393",9.53176110329,3.1045696,0.10950000,2458702.88097223,2.75958542,0.766023,141.2436918,68.7883127,186.22900000,11.7801000
"TIC 266015990","EPIC 220674823 b","EPIC 220674823",0.57130782000,1.5990000,0.02847000,2459473.57120000,1.60600000,0.990000,13.0800239,10.7947051,244.59000000,11.4574000
"TIC 200805484","TOI-2654 b","TOI-2654",2.96760425926,1.8137941,1.04100000,2458414.30009512,7.94454164,0.756095,52.9815377,-47.9946912,248.96400000,13.0725000
"TIC 341405597","TOI-6699 b","TOI-6699",5.32005926761,2.5453885,0.09550000,2459046.64600095,2.32645266,0.753090,317.0695839,-63.2504996,85.84630000,10.4012000
"TIC 381714186","TOI-1839 c","TOI-1839",4.02393854207,2.3034727,,2459690.23538058,2.40867246,0.848099,196.8331106,5.8520458,116.08600000,10.2173000
"TIC 462553953","TOI-4156 b","TOI-4156",4.46189034133,3.1219890,0.05000000,2458893.15047155,2.53823825,1.039630,230.7808336,76.3318816,213.71900000,10.7152000
"TIC 160585062","TOI-7333 b","TOI-7333",6.26449803661,2.5698706,0.07800000,2459613.83792518,2.09469416,0.666066,243.5319622,75.9166315,157.21700000,12.1567000
"TIC 14227229","K2-111 b","K2-111",5.35189630000,3.2362000,0.01184000,2459519.13480000,1.83700000,1.250000,59.8903081,21.2985263,200.39400000,10.4561000
"TIC 325682877","TOI-4363 b","TOI-4363",2.11867592279,1.6776084,0.06648121,2459153.80959543,1.76689273,0.691320,37.1105554,-12.5493631,77.77510000,11.2473000
"TIC 156514476","TOI-6884 b","TOI-6884",4.80826400000,2.5630000,0.26800000,2459641.09870000,10.39072511,1.840000,193.0087935,26.6739510,562.37600000,11.4834000
"TIC 467651916","TOI-4602.01","TOI-4602",3.98129990000,3.4474000,0.00600000,2460591.50097000,2.45000000,1.080000,60.6003316,31.3298354,63.06370000,7.7746000
"TIC 348437470","TOI-3664 b","TOI-3664",3.29748390000,3.2200000,1.34040000,2460661.83115000,13.69737442,1.110000,35.3084940,59.7118568,464.74800000,12.9100000
"TIC 375654303","TOI-4034 b","TOI-4034",1.80209320000,3.2150000,0.85700000,2460661.21859000,17.71018951,1.830000,335.1469845,71.7673462,745.14500000,12.5798000
"TIC 207339000","TOI-4427 b","TOI-4427",4.61826210000,2.6550000,1.86143353,2459598.71295400,13.09208946,0.890000,135.0492615,72.1477473,198.25100000,11.3427000
"TIC 314835525","TOI-2049 b","TOI-2049",5.30346800000,4.9150000,0.22750000,2458768.84600000,16.64533634,3.200000,346.9098199,56.6945130,571.48700000,10.6568000
"TIC 229671380","TOI-4458 b","TOI-4458",3.93937920000,5.7530000,0.33680000,2459711.66523000,12.40834163,1.960000,252.1259976,74.7637501,505.43200000,11.0672000
"TIC 394657039","TOI-159 b","TOI-159",3.76283960000,4.2200000,1.13600000,2459382.23258000,18.18000000,1.620000,51.7822676,-78.5498308,347.59300000,10.5132000
"TIC 456945304","K2-370 b","K2-370",2.14080930000,1.6800000,0.06280000,2457860.71859000,2.67000000,0.945000,67.8205302,19.8316901,144.20200000,10.3729000
"TIC 305048087","TOI-237 c","TOI-237",1.74486147000,0.8270000,0.31400000,2459540.35059000,1.20600000,0.205600,353.2435381,-29.4164870,38.07490000,13.4102000
"TIC 137968594","Kepler-758 c","Kepler-758",4.75793986000,4.6770000,0.01245000,2454970.69702000,1.69000000,1.420000,293.0846115,41.1354049,1502.32000000,13.9522000
"TIC 122617317","TOI-4311 b","TOI-4311",0.99027380000,1.3567356,0.02789097,2458382.64090000,1.37600000,0.844100,41.6855224,-31.1793201,134.98800000,10.7236000
"TIC 170733187","Kepler-929 b","Kepler-929",0.92103213500,2.5345000,0.01015000,2454965.03025000,1.11000000,1.020000,298.4811022,41.6152603,1311.23000000,13.9847000
"TIC 417948359","TOI-1272 b","TOI-1272",3.31597650000,1.5210000,0.27700000,2458713.03098000,4.26000000,0.800000,199.1962036,49.8610591,137.57200000,11.0244000
"TIC 60256211","K2-183 b","K2-183",0.46928500000,1.5408000,0.02152000,2457196.91237000,1.10000000,0.870000,125.0071770,14.0194586,329.04100000,12.1741000
"TIC 332024125","K2-187 c","K2-187",2.87151200000,2.3760000,0.03900000,2457144.63842000,1.40000000,0.830000,132.5235618,23.1924709,330.91600000,12.3562000
"TIC 422349881","K2-189 b","K2-189",2.58812000000,2.2200000,0.03000000,2457222.14660000,1.40300000,0.879000,203.6214411,-15.0365158,242.11300000,11.7537000
"TIC 158388163","Kepler-491 b","Kepler-491",4.22538451200,2.8182900,0.75630000,2454970.56067430,8.92000000,1.030000,287.1305782,42.3501533,630.78500000,13.4584000
"TIC 27397848","Kepler-197 b","Kepler-197",5.59930800000,3.6810000,0.00848000,2455004.47282000,1.02000000,1.120000,295.2264739,50.5592348,330.57500000,11.4036000
"TIC 270698499","Kepler-216 b","Kepler-216",7.69364100000,5.0500000,0.03036000,2455009.50106000,2.35000000,1.260000,293.7280695,46.1291139,1187.47000000,13.5496000
"TIC 440724456","K2-176 b","K2-176",5.32943900000,2.7600000,0.02600000,2457066.78593000,1.49090097,0.864160,58.2691796,17.9069486,247.30200000,12.0651000
"TIC 98594138","K2-223 b","K2-223",0.50557000000,0.9000000,0.01000000,2457637.66396000,0.89000000,1.000000,185.3061830,-10.2820915,198.60400000,10.8242000
"TIC 36440357","CoRoT-4 b","CoRoT-4",9.20205000000,4.4317333,1.38123234,2454141.36416000,13.34000000,1.170000,102.1946233,-0.6727861,726.41200000,13.1573000
"TIC 38136597","K2-368 c","K2-368",9.66018600000,2.8560000,0.05220000,2456977.87220000,1.36100000,0.663000,332.6357627,-11.1661157,206.60800000,12.5832000
"TIC 280304863","CoRoT-7 b","CoRoT-7",0.85359163000,1.0590000,0.03500000,2454398.07756000,1.68135000,0.830000,100.9561682,-1.0630076,159.90600000,10.9996000
"TIC 176938958","K2-226 b","K2-226",3.27109000000,2.3232000,0.02520000,2457620.00820000,1.53899305,0.889000,183.6456643,-9.5626286,211.26500000,11.5473000
"TIC 98720809","K2-229 b","K2-229",0.58421600000,1.5000000,0.01625000,2457646.56655000,1.00000000,0.790000,186.8729195,-6.7218474,102.56400000,10.2496000
"TIC 330687113","K2-334 b","K2-334",5.11398100000,2.4600000,0.12903750,2458096.81022800,5.65000000,1.490000,136.4894259,16.3255146,371.82300000,10.9990000
"TIC 90090343","K2-379 b","K2-379",8.77724700000,2.9040000,0.09340000,2457303.90910000,2.18100000,0.751000,283.0317641,-27.1807287,182.20700000,12.2054000
"TIC 441907126","K2-202 b","K2-202",3.40516400000,2.0328000,0.05790000,2457304.25153000,2.30165603,0.910685,283.2643203,-22.4070553,300.39700000,12.4419000
"TIC 137348863","Kepler-260 b","Kepler-260",8.18739900000,3.0270000,0.05707000,2455093.86771000,2.01000000,0.862000,291.9259658,38.0140525,627.36500000,13.6121000
"TIC 10195089","K2-381 b","K2-381",7.93893340000,1.4640000,0.02090000,2457304.84400000,1.07500000,0.675000,288.0267612,-21.0075789,145.70100000,11.9607000
"TIC 117275513","K2-348 b","K2-348",4.68841800000,2.7500000,0.14690000,2458096.71677200,3.26000000,0.850000,130.8783479,24.4229559,201.85600000,11.7421000
"TIC 399702475","K2-384 d","K2-384",6.67958200000,1.5120000,0.16900000,2457392.42430000,1.39200000,0.348000,20.4998403,0.7509701,82.66030000,13.7658000
"TIC 86130229","K2-352 c","K2-352",8.23488500000,3.5900000,0.04010000,2458098.71692900,1.92000000,0.950000,140.4451478,18.4696280,176.05100000,10.6699000
"TIC 399702475","K2-384 c","K2-384",4.19476600000,1.2720000,0.14600000,2457394.41580000,1.19100000,0.348000,20.4998403,0.7509701,82.66030000,13.7658000
"TIC 248351386","K2-204 b","K2-204",7.05590800000,4.5696000,0.05380000,2457452.95500000,3.17214154,1.253000,17.3825067,-0.5177539,577.23500000,12.4611000
"TIC 123233041","Kepler-8 b","Kepler-8",3.52249910000,3.1906100,0.91457000,2454954.11931000,15.87194400,1.486000,281.2881335,42.4510975,1021.87000000,13.1448000
"TIC 257436461","K2-209 b","K2-209",2.08061500000,,,2457394.23310000,0.86850263,0.712365,14.6903464,1.3828070,76.49860000,10.1095000
"TIC 399731211","K2-211 b","K2-211",0.66956100000,1.2912000,0.02220000,2457432.64790000,1.33162691,0.818000,21.1061587,1.7049101,272.29700000,12.3830000
"TIC 271964647","Kepler-119 b","Kepler-119",2.42208200000,2.5740000,0.18718000,2454965.93928000,3.60000000,0.839000,295.9463854,42.6588324,701.99600000,13.6953000
"TIC 436575927","K2-394 b","K2-394",5.09571700000,1.7720000,0.07140000,2457825.28590000,1.69200000,0.631000,71.1100020,16.5185817,98.01520000,11.4398000
"TIC 42821097","CoRoT-19 b","CoRoT-19",3.89713000000,4.7000000,0.63127463,2455257.44102000,14.46000000,1.650000,97.0335983,-0.1707293,790.66300000,13.1861000
"TIC 272943597","Kepler-112 b","Kepler-112",8.40887800000,3.4850000,0.07989000,2454967.00620000,2.36000000,0.841000,296.9811361,43.2097025,513.20600000,13.2739000
"TIC 320798691","HAT-P-31 b","HAT-P-31",5.00542000000,4.9057646,0.65000000,2458940.75332000,12.21781000,1.390000,271.5376722,26.4266061,344.05000000,11.0269000
"TIC 455096220","HAT-P-35 b","HAT-P-35",3.64670600000,3.9360000,0.89945737,2455578.66158000,14.93038800,1.435000,123.2507030,4.7870288,506.96500000,11.8997000
"TIC 286923464","HD 118203 b","HD 118203",6.13497790000,5.6430000,0.38600000,2458731.06419000,12.77823800,2.040000,203.5099560,53.7281876,92.25890000,7.4556000
"TIC 191284318","HAT-P-16 b","HAT-P-16",2.77596727000,3.0624000,1.36130000,2455027.60356000,14.68376472,1.158000,9.5730343,42.4630961,226.63700000,10.3740000
"TIC 17993892","HAT-P-21 b","HAT-P-21",4.12448000000,3.6720000,0.90000000,2458159.89639000,12.44199000,1.210000,171.2749348,41.0280207,277.27800000,11.1065000
"TIC 116264089","TrES-3 b","TrES-3",1.30618581000,1.4177746,2.73900000,2454185.91040000,14.97500000,0.829000,268.0291106,37.5463268,231.33700000,11.7213000
"TIC 382391899","WASP-50 b","WASP-50",1.95510000000,1.8336000,1.96349909,2458411.09342000,13.06969400,0.843000,43.6880738,-10.8980242,184.84800000,11.0529000
"TIC 82308728","HD 97658 b","HD 97658",9.48971160000,2.8488000,0.07120000,2458904.93660000,2.12000000,0.728000,168.6376584,25.7105962,21.56180000,6.9859000
"TIC 183532609","WASP-8 b","WASP-8",8.15872000000,4.3968000,1.30000000,2458301.80945000,12.66617000,1.030000,359.9008737,-35.0313349,89.96060000,9.1468000
"TIC 431701493","WASP-10 b","WASP-10",3.09276160000,2.2271000,2.52500000,2454664.03729500,12.10600000,0.698000,348.9930457,31.4627508,140.99800000,11.5189000
"TIC 356473034","XO-2 N b","XO-2 N",2.61585906000,2.6839000,1.33630000,2455565.54648000,11.13053700,0.998000,117.0267691,50.2251472,154.27300000,10.4467000
"TIC 46096489","WASP-16 b","WASP-16",3.11860000000,2.0432740,1.20000000,2456355.79653000,13.67498000,1.140000,214.6830109,-20.2754374,194.13400000,10.6481000
"TIC 122515955","Kepler-746 b","Kepler-746",3.48159251000,1.8389000,0.01352000,2454965.98997000,1.11000000,0.930000,290.6822097,37.3551593,450.00000000,13.0811000
"TIC 43647325","WASP-35 b","WASP-35",3.16158000000,3.1425792,1.50000000,2458120.80442100,14.57170000,1.080000,76.0818912,-6.2297801,202.21800000,10.4408000
"TIC 364186197","TOI-1408 b","TOI-1408",4.42587000000,1.6500000,0.24470000,2458740.85810000,25.00000000,1.530000,313.5110469,72.5806455,139.48400000,8.8237400
"TIC 169249234","TOI-2524 b","TOI-2524",7.18585000000,4.2542613,1.11924995,2458550.15500000,11.20898070,1.119000,160.8868435,-1.9126984,438.84200000,12.1772000
"TIC 166836920","WASP-99 b","WASP-99",5.75251000000,5.2560000,0.41000000,2459135.79592110,11.43318000,1.640000,39.8976689,-50.0081934,158.66000000,8.9300000
"TIC 150096001","K2-133 b","K2-133",3.07133000000,1.2200000,0.07100000,2457821.31500000,1.34000000,0.455000,70.1493775,25.0098135,75.17030000,12.3252000
"TIC 157266693","HATS-53 b","HATS-53",3.85377680000,3.5064000,1.86500000,2457236.75653000,15.02006000,1.101000,176.6283230,-33.8600764,585.77000000,13.1648000
"TIC 336732616","HATS-3 b","HATS-3",3.54785100000,3.5856000,1.00000000,2456155.96734000,15.48000000,1.404000,312.4574879,-24.4286938,411.21100000,11.5232000
"TIC 201604954","HATS-29 b","HATS-29",4.60587490000,3.2112000,1.37930349,2457031.95618000,14.02245900,1.073000,285.0965172,-54.8933408,353.89100000,11.9707000
"TIC 4610830","K2-138 b","K2-138",2.35309000000,2.0100000,,2457773.31683000,1.51000000,0.863000,348.9490311,-10.8497391,202.58500000,11.5018000
"TIC 54962195","TOI-663 b","TOI-663",2.59890200000,1.6635706,0.19532615,2458544.38918000,2.27000000,0.512000,160.0658525,-8.5110827,64.23080000,11.7602000
"TIC 4616072","HATS-45 b","HATS-45",4.18762440000,3.0456000,1.09061857,2456731.19533000,14.41477400,1.315000,101.9942455,-21.9107112,772.11000000,12.8893000
"TIC 54962195","TOI-663 d","TOI-663",7.10272680000,2.7542652,0.13177158,2458547.11249000,1.92000000,0.512000,160.0658525,-8.5110827,64.23080000,11.7602000
"TIC 398895470","HAT-P-41 b","HAT-P-41",2.69405000000,3.6552000,1.10000000,2458071.24389000,22.97845000,2.050000,297.3226523,4.6724124,348.18500000,10.5523000
"TIC 116242971","KELT-12 b","KELT-12",5.03162300000,5.7624000,0.59600000,2457083.66045900,19.95202000,2.370000,267.6404906,36.5701761,368.03000000,10.1213000
"TIC 425206121","KELT-19 A b","KELT-19 A",4.61170930000,4.3944000,1.14800000,2457281.24953700,21.40919000,1.830000,111.5095293,7.6157759,300.27600000,9.6540000
"TIC 177115354","TOI-1226 b","TOI-1226",3.92880881576,1.7153279,0.04859763,2459287.07794236,2.41011120,0.986943,103.7548364,-69.8671293,257.93000000,11.5514000
"TIC 374339566","K2-239 b","K2-239",5.24000000000,1.4664000,0.06700000,2457908.19100000,1.10000000,0.360000,160.5941265,4.4413751,31.08490000,12.2352000
"TIC 34077285","TOI-880.02","TOI-880",2.57571000000,1.9700000,0.07396008,2459400.61280000,2.19000000,0.830000,94.1644734,-13.9873370,60.66790000,9.2563000
"TIC 422655579","WASP-71 b","WASP-71",2.90367000000,5.0469369,0.44000000,2458720.93288000,13.22662000,1.820000,29.2634506,0.7588247,362.71500000,10.1638000
"TIC 219850915","TOI-1244 b","TOI-1244",6.40031648300,2.2098000,0.10266019,2459913.80830000,2.46700000,0.721000,256.2795590,69.5190930,102.55100000,11.0157000
"TIC 237086564","TOI-1466 b","TOI-1466",1.87190602231,1.6130211,0.09200000,2458766.25485783,2.46741991,0.749646,307.3965319,61.5507253,86.57830000,11.0278000
"TIC 349445372","K2-157 b","K2-157",0.36525750000,1.1610000,0.00990000,2457582.82200000,0.93500000,0.860000,183.7514959,-5.7820178,298.37300000,12.1305000
"TIC 294301883","WASP-55 b","WASP-55",4.46563100000,3.5332800,1.83550000,2455737.93919000,14.72860064,1.090000,203.7581951,-17.5034961,297.46200000,11.3473000
"TIC 192826603","NGTS-1 b","NGTS-1",2.64729800000,1.2300000,2.13678825,2457720.65939650,14.90797000,0.573000,82.7142134,-36.6309812,218.12100000,13.9143000
"TIC 423358488","K2-148 b","K2-148",4.38395000000,1.7760000,0.03240000,2457390.05956000,1.33000000,0.632000,14.5176494,-0.1932580,124.45800000,12.2481000
"TIC 149603524","WASP-62 b","WASP-62",4.41195000000,3.8160000,1.20000000,2458851.09933800,14.79588000,1.230000,87.1398205,-63.9883286,175.63100000,9.7109000
"TIC 423358488","K2-148 d","K2-148",9.75790000000,1.8000000,0.05040000,2457386.34305000,1.64000000,0.632000,14.5176494,-0.1932580,124.45800000,12.2481000
"TIC 352413427","HD 6061 b","HD 6061",5.25490000000,3.2395980,0.05670000,2458769.78630000,2.42763557,1.007200,15.5981441,37.1854394,67.62030000,8.2970000
"TIC 376939759","K2-113 b","K2-113",5.81768500000,3.0744000,0.83780000,2457398.70433000,12.14000000,1.240000,19.4493823,6.8688469,635.72200000,13.0121000
"TIC 175532955","TOI-929 b","TOI-929",5.83015366944,2.8656840,0.13100000,2458429.24986183,2.68983343,0.717414,45.9071657,-39.9307758,114.42100000,11.4337000
"TIC 94892940","K2-162 b","K2-162",9.45889000000,3.0000000,0.02669000,2457583.90760000,1.44000000,0.690000,186.0383865,-1.1114790,124.43300000,11.3314000
"TIC 349445839","K2-161 b","K2-161",9.28318800000,,,2457587.84755000,6.11721229,2.568173,183.7938491,-3.4956913,916.31900000,11.7510000
"TIC 67666096","KELT-3 b","KELT-3",2.70339000000,3.1512000,0.89000000,2458872.85437300,17.48604000,1.700000,148.6431193,40.3879446,210.25200000,9.4335100
"TIC 134537478","KELT-14 b","KELT-14",1.71005660000,2.1880800,1.38600000,2456665.22401000,19.53728700,1.520000,108.3014090,-42.4097623,250.12100000,10.3887000
"TIC 175371068","K2-154 c","K2-154",7.95486000000,2.1000000,0.11000000,2457584.33760000,2.07000000,0.630000,189.0015173,-2.6696217,129.35600000,12.3813000
"TIC 56721373","K2-246 b","K2-246",5.76918000000,3.4000000,0.13400000,2457583.67610000,3.49000000,0.940000,181.6296115,-1.1606000,703.61600000,13.8852000
"TIC 280437559","TOI-969 b","TOI-969",1.82373050000,1.5190000,0.14350000,2459248.37709000,2.76500000,0.671000,115.1366858,2.0985879,77.25540000,10.5424000
"TIC 198186769","TOI-1291 b","TOI-1291",7.16200975510,8.0974658,0.08000000,2459777.40118683,5.63826391,1.810900,245.8180089,62.9251213,428.12300000,10.8722000
"TIC 393495970","WASP-104 b","WASP-104",1.75541370000,1.7620800,1.47400000,2456406.11126000,12.74500000,0.963000,160.6023689,7.4350768,185.93200000,11.0658000
"TIC 189380158","HAT-P-53 b","HAT-P-53",1.96162410000,2.7936000,1.40862146,2455829.44781000,14.77346200,1.209000,21.8711012,38.9681137,666.80200000,13.0942000
"TIC 17307715","K2-155 b","K2-155",6.34200000000,2.4096000,0.06800000,2457818.71530000,1.80000000,0.580000,65.4696140,21.3532633,72.79980000,11.4529000
"TIC 428679607","TOI-1669 c","TOI-1669",2.68005350000,1.9284255,0.04560000,2458816.94479000,2.29639770,1.056100,45.9564744,83.5874273,111.27600000,9.5290600
"TIC 26017005","K2-30 b","K2-30",4.09850300000,2.3208000,1.60300000,2457063.80714000,11.64615100,0.844000,52.3420548,22.2993491,333.04200000,12.5489000
"TIC 347329162","WASP-56 b","WASP-56",4.61710000000,3.5616000,1.00000000,2455841.60939000,10.53646000,0.960000,183.3660401,23.0556870,321.08400000,11.5384000
"TIC 308172249","WASP-135 b","WASP-135",1.40137940000,1.6560000,1.94000000,2455230.99020000,14.57170000,0.960000,267.2848846,29.8790428,298.21400000,12.4197000
"TIC 220323515","CoRoT-32 b","CoRoT-32",6.71837000000,2.4960000,0.29000000,2455901.81100000,6.38913000,0.790000,100.1951714,9.2573953,576.68300000,13.1395000
"TIC 164832454","Kepler-504 b","Kepler-504",9.54927542200,1.7722000,0.18269000,2455008.75720900,1.59000000,0.330000,284.9219608,45.9723265,99.06880000,13.3579000
"TIC 396740648","TOI-1694 b","TOI-1694",3.77013890000,2.1780000,0.43611801,2458843.65726000,5.27000000,0.812000,97.7487104,66.3605956,124.68000000,10.7424000
"TIC 257801011","K2-221 b","K2-221",2.39909400000,2.5032000,0.03120000,2457395.35581000,1.67890272,0.947599,16.6550286,10.1897385,318.81000000,11.9217000
"TIC 71841620","WASP-68 b","WASP-68",5.08430000000,5.0844391,0.57000000,2456802.08922000,14.79588000,1.790000,305.0957239,-19.3147271,226.39900000,9.9543000
"TIC 422756130","TOI-1695 b","TOI-1695",3.13427910000,1.3110000,0.12360000,2458791.52056000,1.90000000,0.515000,21.9217346,72.2966148,45.13090000,11.0294000
"TIC 139528693","WASP-78 b","WASP-78",2.17518000000,4.9680000,0.65000000,2457966.18625000,21.63337000,2.460000,63.7562662,-22.1163901,754.25800000,11.8282000
"TIC 100566492","WASP-88 b","WASP-88",4.95400000000,6.0480000,0.70000000,2458248.26526000,16.36514000,1.800000,309.5112337,-48.4620833,523.75600000,11.1170000
"TIC 12181371","K2-130 b","K2-130",2.49412000000,1.7040000,0.03040000,2457340.61200000,1.25000000,0.744261,290.2705419,-19.6908744,118.01100000,11.6011000
"TIC 2468648","K2-129 b","K2-129",8.23949300000,1.5120000,0.08580000,2457335.00900000,1.04000000,0.360010,289.1485491,-25.6463233,27.79570000,11.2323000
"TIC 98283926","HATS-42 b","HATS-42",2.29210200000,3.2664000,1.05852906,2456768.60734000,15.69260000,1.480000,108.4523991,-33.4373462,800.37700000,13.1472000
"TIC 207077681","WASP-144 b","WASP-144",2.27831520000,1.9536000,1.16500000,2457157.27493000,9.52765000,0.810000,320.7628761,-40.0484393,355.51300000,12.3119000
"TIC 391949880","TOI-128.01","TOI-128",4.94046810000,1.9660000,0.04550000,2460175.86715900,2.21898000,1.130000,79.5209381,-80.9643840,68.47270000,7.9849000
"TIC 229747848","TOI-1347 c","TOI-1347",4.84196200000,2.2428837,0.03186638,2458678.50590000,1.60000000,0.830000,280.3266806,70.2900536,147.47600000,10.7157000
"TIC 53458803","HATS-51 b","HATS-51",3.34887020000,3.3216000,1.09871748,2457042.00405000,15.80469000,1.440000,102.8474248,-29.0586551,389.57000000,11.8656000
"TIC 428820090","K2-233 b","K2-233",2.46758300000,1.8820000,,2457991.68970000,1.31500000,0.710000,230.4799011,-20.2317975,67.50620000,9.8125000
"TIC 52204645","TOI-209 b","TOI-209",4.37943587445,1.6504345,0.09696958,2459070.38747492,2.39472090,0.742779,19.3941777,-66.9030660,113.38700000,10.8545000
"TIC 207141131","HD 18599 b","HD 18599",4.13743540000,2.0600000,0.10084447,2459111.73946000,2.60000000,0.767000,44.2620144,-56.1918694,38.56530000,8.1796000
"TIC 388076422","TOI-6034 b","TOI-6034",2.57618400000,1.5600000,4.99042529,2459883.90550000,11.92000000,0.489000,317.9001392,68.4020762,117.99200000,13.2297000
"TIC 397362481","HD 101581 b","HIP 56998",4.46569000000,1.7700000,0.02107033,2460014.84960000,0.95600000,0.630000,175.2563039,-44.4041485,12.77810000,6.7213000
"TIC 48448415","Kepler-922 b","Kepler-922",0.93846683200,1.2710000,0.02174000,2454968.60120100,1.42000000,0.930000,284.7316084,49.5331490,536.32300000,13.2765000
"TIC 152569268","TOI-6281 b","TOI-6281",1.05426244177,1.3052791,0.04230000,2459329.65318174,1.92416074,0.874219,172.3785238,-40.6094246,57.74510000,9.9542000
"TIC 38825265","TIC 38825265 b","TIC 38825265",3.31336980985,1.8494548,,2459245.80176270,2.18869476,0.664503,68.2492759,-65.2039666,165.63800000,12.8571000
"TIC 158986490","Kepler-1012 b","Kepler-1012",5.50860439000,2.9468000,0.02121000,2454965.29848000,1.29000000,0.910000,289.2962253,46.4579889,411.07700000,12.8119000
"TIC 77156829","LHS 1678 d","LHS 1678",4.96522290000,1.0000000,0.06330581,2459000.45806000,0.98100000,0.329000,68.1789866,-39.7908744,19.87820000,10.4276000
"TIC 27639443","Kepler-879 c","Kepler-879",0.64671600000,1.7000000,,2454833.20600000,0.40000000,1.022000,295.8065515,50.9097521,802.67200000,13.7600000
"TIC 116048097","TOI-6080 b","TOI-6080",8.05562348084,3.5651667,0.09138622,2459735.40554349,3.32424168,1.062210,266.6044226,38.0787076,188.18300000,10.5912000
"TIC 308120029","TOI-6330 b","TOI-6330",6.85002460000,2.2300000,3.31330000,2459901.36114000,10.89000000,0.490000,22.1679816,53.6860778,139.04200000,13.7853000
"TIC 265979849","TOI-5210 b","TOI-5210",4.56610610000,3.7100000,0.66200000,2459854.90873000,10.72699453,1.209000,314.3169230,21.9502055,302.08600000,11.4194000
"TIC 71582156","TOI-5726.01","TOI-5726",5.49112521500,1.8868000,0.04484516,2458843.59510000,2.55400000,1.106000,123.3950504,68.5745899,108.84800000,9.1606700
"TIC 142589416","TIC 142589416 b","TIC 142589416",2.09518466313,1.3587500,,2459614.12199894,2.67899519,0.713832,168.2439697,73.8301439,168.93300000,12.7674000
"TIC 440701570","K2-411 b","K2-411",3.21410000000,,,2457064.83550000,0.98980000,1.375000,58.0036310,19.3909877,298.21900000,11.4618000
"TIC 169180792","Kepler-348 b","Kepler-348",7.05677000000,1.9090000,0.01223000,2454965.53178000,1.52000000,1.359000,297.2550814,40.5483883,570.78300000,12.2205000
"TIC 154870955","TIC 154870955 b","TIC 154870955",7.96987471280,2.5223426,,2458839.05557732,3.09467466,0.724328,191.7456685,88.8298759,226.46300000,12.5525000
"TIC 158272257","Kepler-332 b","Kepler-332",7.62632400000,2.3700000,0.02961000,2454969.01672000,1.17000000,0.720000,286.6627811,47.4136938,344.19000000,13.4066000
"TIC 219016883","TOI-5238 b","TOI-5238",4.87217100000,2.5840000,0.21800000,2459661.51574000,5.22000000,1.022830,223.3588909,68.8594720,290.64600000,11.6370000
"TIC 159386728","Kepler-914 b","Kepler-914",4.40966548000,2.1066000,0.01327000,2454965.44902000,1.38000000,1.150000,290.4120774,44.8993227,753.72300000,13.0994000
"TIC 423610130","K2-413 c","K2-413",5.33010000000,,,2457739.16730000,1.23270000,0.700000,353.4175668,-7.6120272,285.16200000,13.7731000
"TIC 18318288","TOI-6086 b","TOI-6086",1.38887250000,0.7000000,0.15310000,2460131.96950100,1.18000000,0.259000,265.3704236,30.3037755,31.45660000,12.4106000
"TIC 271052158","Kepler-314 c","Kepler-314",5.96039200000,2.7650000,0.08239000,2454970.26485000,2.90000000,0.950000,294.6741507,42.0756037,268.88100000,11.9838000
"TIC 33692729","HIP 29442 c","TOI-469",3.53795590000,2.4290000,,2458471.36000000,1.55100000,0.980000,93.0578446,-14.6493167,68.19200000,8.7615000
"TIC 130181866","HD 63433 d","HD 63433",4.20907500000,2.5850000,,2459373.82345000,1.07300000,0.912000,117.4793699,27.3631342,22.40350000,6.2683000
"TIC 192833836","TOI-7384 b","TOI-7384",6.23402580000,1.4520000,1.38993556,2459565.10114000,3.56000000,0.319000,83.1031834,-39.8342501,66.79020000,13.6940000
"TIC 459189798","TOI-5777 b","TOI-5777",6.91716177373,2.5609922,0.12500000,2459392.31582170,3.09551273,0.671912,141.0022390,82.8586961,114.27700000,11.8799000
"TIC 121490076","HIP 113103 b","HIP 113103",7.61030300000,2.1384000,0.05960000,2458325.59660000,1.82900000,0.742000,343.5723794,-43.0102291,46.21220000,8.9988000
"TIC 249022743","TIC 249022743 b","TIC 249022743",2.25719681538,2.9281998,,2458455.57157517,4.79568155,1.208400,78.5762192,-3.4466123,396.46000000,12.0299000
"TIC 260969020","TIC 260969020 b","TIC 260969020",8.48584501953,2.2696952,,2458631.52270935,2.22686612,0.689880,74.9407148,-79.5859489,121.22200000,11.4583000
"TIC 137152419","Kepler-1053 b","Kepler-1053",2.41435165400,1.2248000,0.02029000,2454965.42885500,0.98000000,0.690000,291.4186349,39.1273664,151.12900000,12.4452000
"TIC 390586021","TIC 390586021 b","TIC 390586021",2.74703755819,2.1270472,,2459325.90518527,2.86009388,0.726565,199.8225789,-31.4655097,114.55800000,11.8100000
"TIC 423703298","TIC 423703298 b","TIC 423703298",4.03712711976,1.9926733,,2459141.13558959,2.77230429,0.729825,22.9360486,-17.0135676,136.19100000,11.8195000
"TIC 272085033","Kepler-335 b","Kepler-335",6.56233100000,4.0350000,0.02697000,2454965.60635000,3.39000000,1.854000,296.0642944,45.4285986,1278.97000000,13.5035000
"TIC 88529975","TOI-5592 b","TOI-5592",2.60858460000,1.9850000,1.26000000,2459794.01216000,17.14974047,1.393000,106.6800684,65.8572490,597.02600000,12.1360000
"TIC 272715773","Kepler-932 b","Kepler-932",1.92143739600,1.7519000,0.02787000,2454964.80613100,1.37000000,0.840000,296.9520797,43.2720233,465.61200000,13.5528000
"TIC 287328202","TOI-6707 b","TOI-6707",3.83479363758,3.5182216,0.11123389,2459383.42946798,5.72673066,1.582020,109.7634707,-58.1155263,641.46700000,12.3332000
"TIC 302908969","TOI-5595 b","TOI-5595",5.99002553853,2.2315303,0.36800000,2458862.09560824,4.73740402,0.743344,110.4601649,35.2219829,136.95500000,12.1765000
"TIC 327369524","TOI-6016 b","TOI-6016",4.02368700000,5.7000000,0.89250000,2459877.79300000,13.67495645,1.510000,4.5239602,59.7661983,364.71500000,11.3864000
"TIC 122062591","Kepler-1772 b","Kepler-1772",3.21509003600,3.9026000,0.01580000,2454966.77742000,2.68609988,0.934000,289.4381201,39.2703594,871.56400000,12.8900000
"TIC 48450369","Kepler-408 b","Kepler-408",2.46502000000,1.2310000,0.00306000,2454965.67928000,0.82000000,1.230000,284.7862158,48.4232622,88.78320000,8.3270000
"TIC 364186197","TOI-1408 c","TOI-1408",2.16640000000,2.6700000,0.00870000,2458739.84700000,2.22000000,1.530000,313.5110469,72.5806455,139.48400000,8.8237400
"TIC 158416263","Kepler-958 b","Kepler-958",9.76788050000,1.9474000,0.06003000,2454972.43782100,2.06000000,0.860000,287.2566578,46.0667247,449.77300000,13.2205000
"TIC 158554588","Kepler-20 e","Kepler-20",6.09848820000,2.9815000,0.00748000,2454968.93956000,0.82100000,0.916400,287.6979913,42.3385782,282.56300000,11.9623000
"TIC 27992970","Kepler-507 b","Kepler-507",3.56809692600,3.2455000,0.00984000,2455002.74358000,1.30000000,1.320000,297.0188074,50.4090460,391.64400000,11.5300000
"TIC 298897924","Kepler-1248 b","Kepler-1248",7.46725407000,3.7130000,0.00757000,2454969.38542000,1.18000000,1.210000,288.0592191,51.3544564,593.02600000,12.5261000
"TIC 138433618","Kepler-1870 b","Kepler-1870",3.60694003100,1.0258000,0.04317000,2454956.95306700,2.10143764,0.840000,293.9335076,40.5907040,407.21600000,12.9026000
"TIC 273873718","Kepler-125 c","Kepler-125",5.77446400000,1.8780000,0.02653000,2454965.96118000,0.74000000,0.512000,298.2581101,47.6050031,183.36500000,13.7744000
"TIC 270956861","Kepler-326 d","Kepler-326",6.76688800000,1.6310000,0.02493000,2454969.61605000,1.21000000,0.801000,294.3255898,46.0022646,487.67500000,13.0846000
"TIC 122450762","Kepler-975 c","Kepler-975",5.05821338000,1.1320000,0.07483000,2454968.70245400,10.69000000,1.667000,290.5485100,38.4952415,426.08800000,13.7862000
"TIC 283722336","HD 219134 c","HD 219134",6.76458000000,1.6600000,0.03180000,2457474.04591000,1.51100000,0.778000,348.3372026,57.1696255,6.53127000,4.6278000
"TIC 159444082","Kepler-161 c","Kepler-161",7.06424000000,1.3510000,0.07330000,2454968.37914000,2.05000000,0.806000,290.5164698,43.0838642,434.63200000,13.5997000
"TIC 417676990","Kepler-1319 b","Kepler-1319",2.88676264500,0.8850000,0.06318000,2454964.66581000,1.34000000,0.540000,290.9564463,49.3667933,103.91700000,13.0621000
"TIC 184556217","Kepler-1857 b","Kepler-1857",8.94340992000,2.4690000,0.02151000,2454970.29881000,1.96065412,1.005000,296.4557129,39.5985370,853.27500000,13.6920000
"TIC 158789380","Kepler-190 c","Kepler-190",3.76302400000,1.5360000,0.03613000,2454965.59486000,1.46000000,0.795000,288.5839761,44.7337701,433.38700000,13.5519000
"TIC 48132154","Kepler-380 c","Kepler-380",7.63000400000,2.9490000,0.01240000,2454970.08071000,1.27000000,1.224000,282.3947017,48.7591334,813.71300000,13.2133000
"TIC 164884235","Kepler-381 b","Kepler-381",5.62902100000,3.9130000,0.00383000,2454967.74616000,0.99000000,1.568000,285.1828685,43.8310283,267.32300000,10.2174000
"TIC 158394479","Kepler-334 b","Kepler-334",5.47031900000,3.0410000,0.01065000,2454964.49467000,1.12000000,1.068000,287.1406177,47.1151153,426.59000000,12.3108000
"TIC 271355270","Kepler-1877 b","Kepler-1877",2.37756991400,2.2630000,0.00338000,2454966.39750000,0.62408600,0.936000,294.8669240,46.7904816,285.31200000,11.7492000
"TIC 28357724","Kepler-414 b","Kepler-414",4.70000000000,2.5530000,0.03514000,2455010.61519000,1.71000000,0.946000,297.9615616,48.2443363,413.46000000,12.8076000
"TIC 164413187","Kepler-1278 b","Kepler-1278",3.23941344000,2.6540000,0.00774000,2454966.98443000,1.01000000,1.160000,282.9569197,42.8255589,889.42600000,13.2066000
"TIC 394172692","Kepler-1864 b","Kepler-1864",3.88151001900,2.7970000,0.00425000,2454968.11780000,0.75408365,0.979000,289.6867653,41.5889178,298.89400000,11.6080000
"TIC 272601375","Kepler-221 b","Kepler-221",2.79590600000,2.0640000,0.04028000,2454965.72929000,1.71000000,0.821000,296.6547477,46.8352242,385.23100000,13.1969000
"TIC 122298677","Kepler-336 b","Kepler-336",2.02482300000,2.7620000,0.00633000,2454965.35611000,1.02000000,1.304000,290.2376224,41.3313637,768.86000000,13.1373000
"TIC 27186509","Kepler-1104 b","Kepler-1104",5.03728015000,1.8848000,0.00784000,2454967.10940000,1.23000000,1.410000,294.4685197,49.3309789,530.65800000,11.7280000
"TIC 122068161","Kepler-1688 b","Kepler-1688",5.62012000000,2.7510000,0.02037000,2454965.95556000,1.26174569,0.746000,289.5530051,41.2978532,567.44687087,13.3350000
"TIC 317520667","HAT-P-57 b","HAT-P-57",2.46530000000,3.4987200,0.94000000,2457598.49926000,19.50366000,1.850000,274.7434180,10.5971968,279.86000000,10.1154000
"TIC 351910733","Kepler-1067 c","Kepler-1067",5.42583990100,2.5095000,0.02602000,2454968.86518000,1.74682428,0.934000,285.3873706,45.0490265,667.69300000,13.7729000
"TIC 270781284","Kepler-208 c","Kepler-208",7.46662300000,3.8820000,0.01209000,2454965.77383000,1.39000000,1.314000,293.8901979,42.5279413,775.32800000,13.1288000
"TIC 164460208","Kepler-303 c","Kepler-303",7.06114900000,1.0540000,0.04975000,2454969.27187000,1.14000000,0.485000,283.1354742,43.6567036,209.73800000,13.5887000
"TIC 123490444","Kepler-185 b","Kepler-185",1.63290000000,1.5590000,0.02092000,2454967.54797000,1.17000000,0.806000,282.4681674,43.8899464,466.73500000,13.8733000
"TIC 121786630","Kepler-319 b","Kepler-319",4.36270500000,2.1940000,0.03355000,2454968.23073000,1.63000000,0.903000,288.8119782,39.7706431,503.43600000,13.3015000
"TIC 267749737","Kepler-1084 b","Kepler-1084",2.05333679000,2.3751000,0.00663000,2454967.51799000,1.11000000,1.280000,290.1019809,48.2511460,405.53300000,11.7648000
"TIC 243271716","Kepler-324 b","Kepler-324",4.38531500000,2.4880000,0.01985000,2454972.22656000,1.14000000,0.840000,286.4714473,49.6490933,501.57400000,13.5467000
"TIC 138097531","Kepler-520 c","Kepler-520",5.21104261000,3.3011000,0.01038000,2454964.53958000,1.07000000,1.090000,293.1802903,41.6177408,623.90100000,12.3616000
"TIC 123447592","Kepler-1244 b","Kepler-1244",3.70428172000,3.2810000,0.00583000,2454965.21590000,1.35000000,1.770000,282.3012505,46.5161814,1075.81000000,11.9966000
"TIC 120689253","Kepler-169 c","Kepler-169",6.19546900000,3.0560000,0.02964000,2454967.71616000,1.21000000,0.763000,285.9999204,40.9193822,406.52900000,13.5624000
"TIC 399951991","Kepler-97 b","Kepler-97",2.58664000000,2.2530000,0.02242000,2455004.84121000,1.48000000,0.980000,287.3265292,48.6733443,400.90700000,12.3726000
"TIC 458478250","KELT-23 A b","KELT-23 A",2.25525100000,2.3810400,1.86400000,2458140.37920000,14.82950700,0.996000,232.1466406,66.3587097,126.26100000,9.7670300
"TIC 126606859","TOI-4479 b","TOI-4479",1.15890000000,1.1688702,0.34706759,2459420.75780000,2.82000000,0.451000,316.0969388,24.6536739,80.65320000,12.9374000
"TIC 289580577","TOI-1753 b","TOI-1753",5.38461040000,3.1784345,0.06306901,2458684.50300000,2.47852533,0.971500,252.4698351,61.1735768,226.67100000,11.2078000
"TIC 289164482","TOI-2274 b","TOI-2274",2.67963000000,0.9028948,0.08275424,2458685.36610000,2.45000000,0.631000,277.4593110,40.5414117,48.87600000,10.3543000
"TIC 164892194","Kepler-43 b","Kepler-43",3.02409490000,2.9000000,0.80048000,2454965.41624000,13.66377100,1.420000,285.2408288,46.6682411,1005.84000000,13.4633000
"TIC 454248975","TOI-3023 b","TOI-3023",3.90149710000,4.9610000,0.81500000,2459071.19220000,16.43236571,1.668000,165.3158231,-72.3567044,389.91600000,11.4848000
"TIC 123496782","Kepler-1408 b","Kepler-1408",2.99793191000,4.3920000,0.00451000,2454964.76683000,0.89000000,1.350000,282.6998783,45.4257884,535.04800000,11.5719000
"TIC 427730490","TOI-2040 b","TOI-2040",3.86085760000,2.6570000,1.15690000,2459740.36547000,10.32347122,0.870000,352.2747299,71.5064737,144.71700000,10.8407000
"TIC 258920431","TOI-2567 b","TOI-2567",5.98394400000,5.4576000,0.35370000,2459007.78085000,10.92875618,1.686000,288.4656683,66.3479375,504.77500000,11.7489000
"TIC 15445551","WASP-87 b","WASP-87",1.68279500000,3.0314666,0.76500000,2457082.07656000,15.52446500,1.627000,185.3246821,-52.8408163,298.39200000,10.3490000
"TIC 179317684","TOI-163 b","TOI-163",4.23130600000,4.9300000,0.72612759,2458328.87970000,16.69020100,1.648000,79.7682532,-71.8955269,411.71900000,10.8719000
"TIC 410214986","DS Tuc A b","DS Tuc A",8.13826800000,3.1764000,0.29360000,2458332.30997000,5.70000000,0.964000,354.9154673,-69.1960430,44.06220000,7.8541000
"TIC 15692883","WASP-187 b","WASP-187",5.14787800000,5.8200000,0.35000000,2455197.35290000,18.38276000,2.830000,17.4747400,25.6816494,371.41400000,9.7116000
"TIC 39699648","HD 77946 b","HD 77946",6.52736300000,2.9756716,0.04154309,2458875.99890000,2.89646124,1.317400,136.7776440,46.6724251,99.45100000,8.4594000
"TIC 150151262","TOI-712 b","TOI-712",9.53136100000,1.7350000,0.07680000,2458757.26886000,2.04900000,0.674000,92.9361063,-65.8258386,58.62120000,9.9059000
"TIC 160045097","TOI-1782.01","TOI-1782",4.98764102800,2.3276000,0.11923398,2459635.73310000,2.36800000,0.669000,213.0787718,74.4117909,95.26490000,11.3069000
"TIC 393965778","TOI-2092 b","TOI-2092",4.30325528074,2.4191037,0.07107657,2459648.65533738,2.94892961,1.051900,212.5474866,45.5638685,176.75900000,10.6375000
"TIC 164460208","Kepler-303 b","Kepler-303",1.93705500000,1.5350000,0.03123000,2454967.71867000,0.89000000,0.485000,283.1354742,43.6567036,209.73800000,13.5887000
"TIC 164414655","Kepler-271 c","Kepler-271",7.41086267000,3.2769000,0.01241000,2454968.75273000,0.95000000,0.870000,283.0029316,44.2841080,404.54200000,12.9431000
"TIC 311133118","Qatar-6 b","Qatar-6",3.50619500000,1.5888000,1.83794360,2457784.03270000,11.90395800,0.722000,222.2100773,22.1526136,100.84800000,10.5319000
"TIC 345034874","K2-400 b","K2-400",3.86505300000,1.6000000,,2457908.62340000,1.16300000,0.382000,154.5110307,3.6969271,62.38040000,12.7763000
"TIC 332534326","TOI-2714 b","TOI-2714",2.49938700000,3.1400000,1.06100000,2459168.94790000,13.72000000,1.250000,61.4012482,-14.9267458,597.87300000,12.7979000
"TIC 2760219","TOI-2382 b","TOI-2382",4.66120610000,2.2700000,0.62800000,2459215.45850000,12.25141591,1.417000,356.3751852,-16.1141240,434.92000000,11.4408000
"TIC 158725491","Kepler-402 b","Kepler-402",4.02875100000,2.9850000,0.01007000,2454966.76902000,1.22000000,1.264000,288.3701976,43.3546109,625.33900000,12.8187000
"TIC 380583651","EPIC 201841433 b","EPIC 201841433",4.16980000000,2.4000000,0.04470000,2456811.63590000,1.04000000,0.628461,175.2067520,6.1348146,436.48800000,13.9570000
"TIC 335322931","K2-318 b","K2-318",7.01000000000,,0.08500000,2457997.19400000,1.66000000,0.552000,232.4461375,-17.5574630,147.86600000,13.3545000
"TIC 149496868","K2-405 b","K2-405",3.43547100000,2.1100000,0.25800000,2457908.99590000,4.56900000,0.765000,164.3759959,12.5356140,197.23400000,11.9783000
"TIC 460984940","TOI-784 b","HD 307842",2.79703650000,2.1850000,0.04810000,2459336.61221000,1.93000000,0.907000,159.3412205,-63.6556923,64.59970000,8.7537000
"TIC 160440924","TOI-1814 b","TOI-1814",6.36861010462,6.4190878,0.04612507,2459430.57481959,5.18536642,2.389500,236.8168817,77.2326429,362.52200000,10.8247000
"TIC 26817863","Kepler-848 b","Kepler-848",6.91134416000,5.6555000,0.02017000,2454969.64810000,1.70000000,1.200000,293.2882949,48.8116114,1378.47000000,13.5365000
"TIC 255685030","TOI-799 b","TOI-799",5.54519139676,2.2742603,0.04390186,2459260.18315454,2.06631784,0.915519,98.4691249,-52.4602958,158.52600000,10.5868000
"TIC 175261852","K2-146 c","K2-146",4.00498000000,,,2458204.13160000,2.19000000,0.330000,130.0266951,19.0923416,79.30020000,13.7247000
"TIC 392817207","K2-324 b","K2-324",3.26200000000,,0.19900000,2457909.14600000,2.43000000,0.505000,157.6222171,6.8636732,136.66700000,13.4415000
"TIC 229510866","TOI-1181 b","TOI-1181",2.10318900000,4.1218716,0.71420000,2459481.51696000,17.02644168,1.961000,297.2158166,64.3543506,302.81900000,10.0790000
"TIC 30122649","TOI-808 b","TOI-808",9.73944854026,3.4986254,0.06417241,2459257.30445666,2.20344362,0.833198,133.7485497,-44.2886304,98.18480000,10.0659000
"TIC 207468071","TOI-1836 c","TOI-1836",1.77274710000,1.7866633,0.02430000,2459739.67000000,2.59987579,1.645400,245.9079242,54.6900774,191.64900000,9.2941600
"TIC 151483286","TOI-2818 b","TOI-2818",4.03970900000,3.8040000,1.30000000,2459023.44641000,15.27784069,1.229000,119.0598183,-35.1167104,312.67400000,11.3944000
"TIC 158840095","Kepler-1371 c","Kepler-1371",2.00541269000,1.7980000,0.00595000,2454966.24550000,0.64000000,0.830000,288.8314251,47.5519753,515.33400000,13.3037000
"TIC 376637093","TOI-1516 b","TOI-1516",2.05601400000,2.8260000,1.74530000,2458765.32500000,15.24421375,1.140000,340.0846204,69.5037313,247.05400000,10.3770000
"TIC 449197831","TOI-2458 b","TOI-2458",3.73659000000,2.1300000,0.03918000,2459177.40460000,2.83000000,1.310000,79.6215290,1.2534390,112.95800000,8.7100800
"TIC 178289267","HATS-57 b","HATS-57",2.35062100000,2.4885600,1.59400000,2457778.49589000,12.76705100,0.960000,60.9482779,-19.0568182,279.48500000,11.7076000
"TIC 272213425","HATS-56 b","HATS-56",4.32479900000,4.6416000,0.63800000,2457788.00290000,18.92079200,2.201000,180.1650720,-45.7994559,564.40900000,11.1138000
"TIC 178819686","TOI-763 b","TOI-763",5.60570000000,3.0505970,0.07011882,2458572.10200000,2.28000000,0.897000,194.4680980,-39.7580613,95.12740000,9.5275000
"TIC 432261603","K2-409 b","K2-409",1.90808400000,2.5000000,,2457990.28410000,2.48200000,1.228000,228.4551125,-16.3512966,431.03100000,12.1186000
"TIC 85242435","TOI-1722 b","TOI-1722",9.60523206943,4.0723210,0.14370000,2458844.11315365,4.38298108,1.094140,114.3452126,61.1539249,136.41900000,9.5268200
"TIC 328933398","TOI-1873 b","TOI-1873",7.00572708834,3.1364584,0.07668945,2458834.10049441,2.86356397,0.971675,212.5684755,84.3718582,182.01400000,10.7447000
"TIC 342642208","TOI-2158 b","TOI-2158",8.60077000000,3.7700000,0.50900000,2459018.92250000,10.76062147,1.410000,276.8100527,20.5268868,198.47300000,10.1669000
"TIC 202426247","TOI-1860 b","TOI-1860",1.06621070000,1.1420000,0.01510000,2458683.60410000,1.31000000,0.940000,226.4567308,64.0476821,45.86400000,7.7885000
"TIC 268301217","TOI-1937 A b","TOI-1937 A",0.94667944000,1.3770000,1.41000000,2459085.91023000,13.97759893,1.080000,116.3707214,-52.3832587,415.13500000,12.4933000
"TIC 63204326","Kepler-1395 b","Kepler-1395",3.78470649000,3.1080000,0.00360000,2454966.52216000,0.80000000,1.230000,292.3374945,47.6641732,492.89400000,12.1431000
"TIC 89020549","TOI-132 b","TOI-132",2.10970190000,2.1344043,0.13097297,2458333.23095000,3.42000000,0.900000,338.3996623,-43.4368720,163.67800000,10.8061000
"TIC 371188886","TOI-2000 c","TOI-2000",9.12705500000,3.6540000,0.45680000,2459110.06588000,8.14000000,1.134000,146.3970631,-66.6866307,175.71300000,10.3579000
"TIC 371188886","TOI-2000 b","TOI-2000",3.09833000000,1.9590000,0.04960000,2458855.24420000,2.70000000,1.134000,146.3970631,-66.6866307,175.71300000,10.3579000
"TIC 263179590","TOI-2498 b","TOI-2498",3.73825200000,2.9752080,0.13164623,2459204.41670000,6.06000000,1.260000,95.4162204,11.2516477,275.26500000,10.8440000
"TIC 267263253","HD 2685 b","HD 2685",4.12688000000,4.4050000,1.08310000,2458325.78297000,16.14096000,1.560000,7.3289156,-76.3040320,196.85200000,9.2205000
"TIC 399702475","K2-384 b","K2-384",2.23152700000,,,2457393.71570000,1.07600000,0.348000,20.4998403,0.7509701,82.66030000,13.7658000
"TIC 361343239","TOI-2977 b","TOI-2977",2.35056140000,2.9340000,1.26500000,2459373.83677000,13.15934334,1.073000,143.9265177,-60.3574758,,11.9383000
"TIC 63283780","Kepler-210 b","Kepler-210",2.45323400000,1.7460000,0.17519000,2455003.89153000,2.94000000,0.650000,292.5034196,43.0832188,232.75000000,13.0702000
"TIC 272597196","Kepler-1963 b","Kepler-1963",1.96226000800,1.4500000,0.00683000,2454964.53585000,0.74437023,0.979000,296.5875182,47.2071290,492.84700000,13.3905000
"TIC 158555987","Kepler-1517 b","Kepler-1517",5.54608366500,2.3929000,0.21493000,2454966.50335000,9.76000000,1.950000,287.8072115,43.1888008,847.29900000,11.8995000
"TIC 169084431","Kepler-203 b","Kepler-203",3.16269700000,1.9000000,0.05261000,2455002.64158000,2.57000000,1.114000,297.0899590,41.3880686,703.30200000,13.4773000
"TIC 270700432","Kepler-561 c","Kepler-561",5.35016198300,2.2430000,0.07648000,2455028.76048200,2.68000000,0.940000,293.7471107,45.1071981,621.37800000,13.7990000
"TIC 120314731","Kepler-1719 b","Kepler-1719",6.14955997500,5.5694000,0.03337000,2455002.55182000,3.95000623,1.775000,284.7068546,38.9367566,905.40600000,12.8360000
"TIC 290033595","Kepler-1525 b","Kepler-1525",2.41660118300,1.9656000,0.00845000,2454964.53739000,0.91000000,1.040000,290.5594479,49.9428629,382.98900000,12.2202000
"TIC 159759306","Kepler-220 b","Kepler-220",4.15980700000,1.6260000,0.01592000,2454966.78646000,0.81000000,0.666000,291.5060432,46.8956262,171.10900000,12.1813000
"TIC 298965827","Kepler-1588 b","Kepler-1588",7.84931739000,3.7360000,0.00682000,2454967.87654000,0.76000000,0.990000,288.2327232,48.0021967,924.14100000,13.3839000
"TIC 350814607","Kepler-968 c","Kepler-968",5.70940491800,1.5769000,0.06116000,2454970.12210000,1.69000000,0.700000,285.6025889,50.1120401,290.32400000,13.5348000
"TIC 275490218","Kepler-586 b","Kepler-586",2.10472218400,1.7575000,0.09055000,2455004.04393900,2.79000000,0.920000,293.0571982,45.5511266,693.76600000,13.8838000
"TIC 158274583","Kepler-1616 b","Kepler-1616",6.76284377000,5.8720000,0.00567000,2454968.67980000,1.02000000,1.340000,286.5436691,45.3048716,1137.81000000,13.0513000
"TIC 459762279","TOI-5573 b","TOI-5573",8.79758977000,2.7600000,2.30900000,2459600.45078000,9.75000000,0.594000,136.4259999,55.3071309,186.56200000,13.6281000
"TIC 27635334","K2-108 b","K2-108",4.73399900000,3.5496000,0.09730000,2457145.09609000,5.33000000,1.760000,123.3818484,16.4195160,477.29500000,11.6736000
"TIC 350618622","TOI-201 d","TOI-201",5.84889000000,3.2570000,0.01090000,2458374.03200000,1.39000000,1.310000,87.4017825,-54.9104230,113.82500000,8.5822000
"TIC 299218776","Kepler-373 b","Kepler-373",5.53530900000,2.8640000,0.02606000,2454965.76048000,1.36000000,0.845000,289.3879904,50.5970115,1090.45000000,13.9901000
"TIC 394172596","Kepler-444 d","Kepler-444",6.18939200000,2.2112000,0.00475000,2454967.78690000,0.53000000,0.752000,289.7528323,41.6318840,36.43960000,8.1115000
"TIC 14078624","K2-179 b","K2-179",5.17219100000,1.7664000,0.09640000,2457066.58030000,2.51267885,0.768067,58.7967878,23.7567524,190.81000000,12.0556000
"TIC 298896336","Kepler-50 b","Kepler-50",7.81254000000,3.8000000,0.00990000,2454974.37600000,1.71000000,1.580000,288.1009312,50.0336844,250.11000000,9.9997000
"TIC 279915941","Kepler-1542 b","Kepler-1542",3.95116882000,2.5916000,0.00609000,2454967.22178000,0.76000000,0.990000,285.7284757,42.6544651,399.11400000,12.1100000
"TIC 293460551","K2-119 b","K2-119",7.72728300000,2.9040000,0.12330000,2457148.83106000,2.53000000,0.710000,132.0098683,16.9017663,365.58100000,13.8223000
"TIC 246965431","TOI-5319 b","TOI-5319",4.07853000000,1.5610000,0.45300000,2459496.58620000,2.83000000,0.485000,35.2135563,23.5204408,61.17100000,12.0828000
"TIC 159050852","Kepler-1446 b","Kepler-1446",0.68996783200,1.2135000,0.01213000,2454964.63524400,0.82000000,0.750000,289.4240357,46.7260823,152.07500000,11.7532000
"TIC 7059054","K2-121 b","K2-121",5.18573800000,2.0304000,1.31120000,2457143.56070000,7.16000000,0.675000,126.9366624,17.5793267,169.39800000,12.2440000
"TIC 175261852","K2-146 b","K2-146",2.64460000000,1.3200000,0.38600000,2458204.59020000,2.05000000,0.330000,130.0266951,19.0923416,79.30020000,13.7247000
"TIC 16005254","TOI-5344 b","TOI-5344",3.79262200000,1.7730000,2.44400000,2459848.99030000,10.60369574,0.588000,63.2662165,20.9151568,138.36700000,13.2239000
"TIC 298834019","Kepler-113 c","Kepler-113",8.92507000000,2.6766000,0.09775000,2454972.71374000,2.18000000,0.690000,287.9978721,50.9441847,262.35100000,12.8077000
"TIC 26416803","Kepler-1590 b","Kepler-1590",7.61760804000,3.4790000,0.00854000,2454970.49590000,1.14000000,1.160000,291.4079141,48.0178915,771.15200000,13.6504000
"TIC 242988068","K2-83 b","K2-83",2.74697000000,1.6640000,0.09200000,2457067.06330000,1.24400000,0.424000,59.9013782,15.5587994,125.52900000,12.8328000
"TIC 441587756","TOI-5380 b","TOI-5380",3.77229247873,3.1015343,0.04700000,2458852.74865752,3.48093238,1.562100,112.7611492,73.1287844,286.78100000,10.1684000
"TIC 27534458","Kepler-1434 b","Kepler-1434",8.05333618000,5.2770000,0.00351000,2454967.96049000,1.11000000,2.040000,295.5384415,51.2030002,775.52900000,11.6547000
"TIC 14635562","K2-122 b","K2-122",2.21930230000,1.2360000,0.04320000,2457141.83004690,1.16000000,0.590000,126.4762179,20.3593384,72.04440000,11.3839000
"TIC 122714267","Kepler-122 b","Kepler-122",5.76619300000,3.8460000,0.03648000,2454967.01488000,2.34000000,1.216000,291.1118647,39.9490248,1027.45000000,13.7867000
"TIC 239289191","Kepler-1518 b","Kepler-1518",5.11177904000,2.9600000,0.02678000,2454966.75648000,3.05000000,1.880000,300.3323404,44.9861065,903.51000000,12.8852000
"TIC 394176812","Kepler-1181 c","Kepler-1181",8.93484887000,2.5790000,0.01359000,2454966.39108000,1.83000000,1.347000,289.7473165,39.5234131,938.41700000,13.1137000
"TIC 366528389","K2-181 b","K2-181",6.89410000000,2.5200000,0.08280000,2457143.79480000,2.69000000,1.060000,127.5541103,10.9101444,360.91100000,12.0873000
"TIC 26814296","Kepler-1070 b","Kepler-1070",6.22161470000,3.2606000,0.01714000,2454964.99143000,1.73000000,1.320000,293.1953923,49.3165410,939.00100000,13.5241000
"TIC 63373449","Kepler-1560 b","Kepler-1560",3.03195744000,1.6570000,0.00834000,2454966.98988000,0.89000000,1.020000,292.7846013,43.2160100,502.49700000,12.9108000
"TIC 422334505","K2-278 b","K2-278",3.33496600000,3.9360000,0.03740000,2457219.82294000,2.98000000,1.610000,203.3018653,-14.5041057,786.43900000,12.7702000
"TIC 63126862","Kepler-42 d","Kepler-42",1.86516900000,0.4279000,0.11248000,2454966.78470000,0.57000000,0.170000,292.2196000,44.6173667,40.05950000,13.7435000
"TIC 121275496","Kepler-1164 b","Kepler-1164",3.97599768000,2.1411000,0.02060000,2454966.62134000,1.12000000,0.790000,287.5296372,38.8945065,431.62200000,13.5197000
"TIC 121123737","Kepler-1464 c","Kepler-1464",5.32786292000,4.6780000,0.00872000,2454966.54830000,1.00000000,1.010000,287.2356828,38.7540824,1151.73000000,13.6293000
"TIC 444037742","K2-268 c","K2-268",9.32752700000,3.3500000,0.12390000,2457140.84665000,2.69000000,0.780000,133.7094899,11.8482712,327.78300000,12.9860000
"TIC 159393734","Kepler-1141 b","Kepler-1141",2.34451194400,1.3980000,0.00587000,2454965.87337000,0.82000000,1.070000,290.5436836,47.7259073,393.64200000,11.9066000
"TIC 122716806","Kepler-157 d","Kepler-157",7.02573474000,2.1114000,0.01907000,2454966.62972000,1.46000000,1.030000,291.0972257,38.8756049,773.71300000,13.5838000
"TIC 27010191","KOI-7368 b","KOI-7368",6.84303440000,2.7900000,0.17230000,2454970.04630000,2.22000000,0.874000,293.9476365,48.0652589,264.99500000,12.2288000
"TIC 6893917","KELT-17 b","KELT-17",3.08017160000,3.4752000,0.90700000,2457226.14219400,17.09372500,1.645000,125.6174070,13.7353093,226.50000000,9.0209700
"TIC 380907135","WASP-118 b","WASP-118",4.04604350000,4.8048000,0.75500000,2456787.81423000,16.14096000,1.696000,19.5505861,2.7027847,376.65800000,10.5559000
"TIC 162289289","TOI-3593 b","TOI-3593",3.82128670000,2.4860000,1.21000000,2460055.72703000,11.02963701,0.918000,331.5063640,34.2116583,226.63000000,11.4880000
"TIC 232567319","WASP-195 b","WASP-195",5.05192800000,3.7430000,0.36020000,2457357.23855000,10.31226224,1.578000,247.5496427,49.8957910,484.85200000,11.4354000
"TIC 384888319","TOI-4529 b","TOI-4529",5.87957700000,2.2539712,0.13527622,2459701.33290000,1.77000000,0.480000,16.9688462,12.8809549,28.38400000,10.1406000
"TIC 187278212","Wolf 503 b","Wolf 503",6.00127000000,1.3300000,0.07443595,2458191.36144900,2.04300000,0.689000,206.8461979,-6.1393369,44.52600000,9.2493000
"TIC 14344979","WASP-183 b","WASP-183",4.11177710000,2.0160000,2.26000000,2457796.18450000,16.47723000,0.871000,163.7888521,-0.7370663,325.37700000,12.3353000
"TIC 204650483","TOI-4551 b","TOI-4551",9.95581000000,10.4740000,0.10240000,2458575.65970000,11.85910158,3.550000,184.9787579,-25.8278531,215.98600000,9.0276500
"TIC 123362050","Kepler-780 b","Kepler-780",0.67737516400,1.8243000,0.00767000,2454966.94581000,0.89000000,1.020000,281.7663511,44.2924898,557.65200000,12.8925000
"TIC 166806344","NGTS-16 b","NGTS-16",4.84532000000,3.0610000,,2458435.60540000,14.57167491,1.213000,58.2639299,-30.8046405,898.16800000,13.7428000
"TIC 201186294","TOI-1634 b","TOI-1634",0.98934551000,0.9747000,0.13230000,2459584.97039000,1.75900000,0.450000,56.3906096,37.1122803,35.27360000,11.0136000
"TIC 268604331","Kepler-471 b","Kepler-471",5.01423457500,4.6115300,0.67886000,2454966.17425790,14.96000000,1.800000,299.0975167,43.4975851,1249.41000000,13.3926000
"TIC 229791084","Qatar-10 b","Qatar-10",1.64532100000,2.7720000,1.93100000,2458247.90746000,17.29548700,1.254000,284.4439052,69.5708373,559.06800000,12.2856000
"TIC 346250894","HD 137496 b","HD 137496",1.62116000000,3.2800000,0.00575000,2458039.13170000,1.31000000,1.590000,231.7420543,-16.5090014,155.31700000,9.2996100
"TIC 9030096","K2-389 b","K2-389",8.58289000000,3.1000000,,2457742.78200000,2.33000000,1.094000,355.6304152,-9.7135814,259.20800000,11.1312000
"TIC 273874849","Kepler-17 b","Kepler-17",1.48571080000,2.2764000,2.18019000,2455185.67803500,14.68000000,1.010340,298.3952437,47.8149865,720.75300000,13.6414000
"TIC 271159950","Kepler-176 b","Kepler-176",5.43307400000,2.4070000,0.03282000,2454971.36967000,1.43000000,0.891000,294.6679021,43.8532104,527.32100000,13.9508000
"TIC 288735205","TOI-1259 A b","TOI-1259 A",3.47797920000,2.5103489,2.70216932,2458686.70048000,11.60000000,0.715000,282.1001665,79.2564761,118.10600000,11.1534000
"TIC 154474036","TOI-4578 b","TOI-4578",8.62392630369,2.0612885,0.06751211,2459634.20075625,2.26974262,0.878735,184.2109675,75.1402358,182.24900000,10.7757000
"TIC 260647166","HD 108236 c","HD 108236",6.20344900000,2.8600000,0.04690000,2458770.90586000,2.07100000,0.877000,186.5740627,-51.3630519,64.59780000,8.6522000
"TIC 279947414","TOI-4145 A b","TOI-4145 A",4.06644280000,2.1060000,2.01500000,2458925.88211000,13.30506009,0.859000,39.4297435,80.2673838,205.38700000,11.5241000
"TIC 97766057","TOI-4379 b","TOI-4379",3.25352000000,5.1923833,0.61150131,2459734.26900000,16.69017226,1.976000,252.0478813,-32.4337532,645.15800000,11.8994000
"TIC 27039476","K2-291 b","K2-291",2.22517700000,1.7190000,0.02840000,2457830.06163000,1.58900000,0.899000,76.4459400,21.5481990,90.05620000,9.3928000
"TIC 245392284","GPX-1 b","GPX-1",1.74457900000,2.0900000,0.90000000,2458770.23823000,16.47720163,1.560000,38.3691648,56.0257080,655.01300000,11.9004000
"TIC 95660472","TOI-3819 b","TOI-3819",3.24431410000,2.7790000,0.61300000,2459502.74370000,13.13692538,1.538000,121.8632568,29.3886446,558.14100000,11.9824000
"TIC 375506058","TOI-1431 b","TOI-1431",2.65023700000,2.4890000,0.57970000,2458739.17737000,16.70138124,1.920000,316.2036922,55.5880221,148.92500000,7.7982400
"TIC 245946724","K2-395 c","K2-395",8.49128200000,2.3000000,,2457823.57860000,3.39500000,0.783000,70.4438684,16.6743415,286.72700000,13.3168000
"TIC 177254988","TOI-4405 b","TOI-4405",5.92143995316,2.1223358,0.12219430,2458548.16111677,2.55505441,0.687025,101.5953368,-75.4441271,155.50100000,12.3813000
"TIC 73228647","HD 110113 b","HD 110113",2.54100000000,2.3760000,0.05720000,2458570.10100000,2.05000000,0.968000,190.0365636,-44.3120777,106.30700000,9.4628000
"TIC 325670253","HAT-P-63 b","HAT-P-63",3.37772800000,2.9330000,1.72904350,2456382.94256000,12.54284940,0.966100,269.5720695,5.7613709,403.45800000,12.8999000
"TIC 281660552","K2-398 b","K2-398",6.39302500000,3.7000000,,2457909.04490000,2.27400000,1.239000,161.7349738,1.9367044,606.99200000,12.6036000
"TIC 141205978","TOI-3862 b","TOI-3862",1.55745774000,1.4090000,0.39000000,2459662.73870000,5.53000000,0.920000,185.9005633,50.5446246,249.02000000,11.7201000
"TIC 166778944","TOI-4662 b","TOI-4662",4.70343764575,2.1670415,0.13900000,2458417.16429205,2.87998299,0.693750,57.5160311,-31.0940247,111.04700000,11.4031000
"TIC 423275733","WASP-142 b","WASP-142",2.05286800000,2.6808000,0.91600000,2457007.77790000,17.14977000,1.640000,140.5063164,-23.9461020,730.93300000,12.3368000
"TIC 162922904","WASP-171 b","WASP-171",3.81862440000,4.5792000,0.38200000,2458059.82950000,10.98482000,1.637000,171.8450533,-44.0887035,757.84000000,12.0233000
"TIC 172518755","TOI-1789 b","TOI-1789",3.20866400000,2.3000000,0.46300000,2458873.65374000,16.14093221,2.168000,142.7434060,26.5399951,229.06700000,9.1824000
"TIC 165202476","TOI-4666 b","TOI-4666",2.90891650000,2.1370000,4.51600000,2460265.13619000,12.53164042,0.585000,56.2898862,-39.0631799,154.74900000,13.3272000
"TIC 369455629","WASP-182 b","WASP-182",3.37698480000,2.5968000,0.42600000,2458018.66018000,9.52765000,1.340000,311.6733450,-41.8209828,327.60200000,11.4513000
"TIC 123309556","Kepler-94 b","Kepler-94",2.50806000000,1.0724000,0.15076000,2454967.99980000,3.51000000,0.760000,281.1947316,47.4972606,191.90400000,12.1773000
"TIC 8599009","TOI-4463 A b","TOI-4463 A",2.88071980000,1.8500000,1.31100000,2459291.64004000,13.26022417,1.062000,279.3581286,18.7299522,173.11700000,10.4673000
"TIC 12611594","HATS-9 b","HATS-9",1.91529100000,3.5083200,0.84700000,2457311.75140000,13.85000000,1.560000,290.8101704,-20.1663771,638.70000000,12.5866000
"TIC 156648452","TOI-3912 b","TOI-3912",3.49362640000,3.5570000,0.88500000,2459442.81871000,14.28024141,1.392000,215.8014956,24.0765639,465.99200000,11.8747000
"TIC 193754373","TOI-4487 A b","TOI-4487 A",3.95407090000,4.2700000,0.66900000,2460079.02001000,14.60530185,1.634000,306.4220814,45.9710306,479.14500000,11.4923000
"TIC 156584871","K2-251 b","K2-251",9.30075000000,2.7000000,0.21400000,2457589.07820000,2.35000000,0.490000,190.6892403,-8.5359826,147.03000000,13.6875000
"TIC 244089109","WASP-74 b","WASP-74",2.13775000000,2.2920000,0.96000000,2457103.32597100,15.24424000,1.420000,304.5388430,-1.0760033,149.21600000,9.1305500
"TIC 291685334","Qatar-7 b","Qatar-7",2.03204600000,3.5784000,1.22730057,2458043.32075000,19.05530000,1.564000,358.5151344,37.0218242,705.98100000,12.4890000
"TIC 281408474","TOI-628 b","TOI-628",3.40956750000,3.7824000,0.65700000,2458629.47972000,11.88154000,1.345000,99.2630608,1.7675497,178.68000000,9.6564600
"TIC 77156829","LHS 1678 b","LHS 1678",0.86023250000,0.8010000,0.07195358,2458998.15553000,0.68500000,0.329000,68.1789866,-39.7908744,19.87820000,10.4276000
"TIC 312548829","TOI-3980 b","TOI-3980",3.60892540000,2.3590000,0.67000000,2459528.89504000,14.45958510,1.626000,12.8419374,59.5758606,486.72100000,11.8630000
"TIC 4165850","TOI-5160 b","TOI-5160",4.28077325600,2.1491878,0.04470000,2458863.35845070,2.39729851,1.033150,114.6393985,31.3944536,151.46500000,10.1870000
"TIC 39926974","K2-28 b","K2-28",2.26045500000,0.9816000,0.67500000,2456977.99012000,2.32000000,0.288000,335.6233145,-7.9563525,62.99690000,13.3455000
"TIC 424865156","HAT-P-7 b","HAT-P-7",2.20474000000,3.8821600,0.60000000,2454954.35857200,16.92559000,2.000000,292.2471900,47.9695429,341.07900000,10.0274000
"TIC 49427836","K2-44 b","K2-44",5.65700000000,4.2960000,0.03342000,2456811.70940000,2.43300000,1.580000,174.0116610,-2.5209338,476.70300000,11.5968000
"TIC 363548415","K2-27 b","K2-27",6.77134700000,2.8020000,0.29300000,2456812.84470000,4.74000000,0.876000,171.5151874,1.2306237,249.64500000,11.9186000
"TIC 82054726","K2-42 b","K2-42",6.68796000000,3.0400000,0.10420000,2456814.67630000,2.15000000,0.643000,176.6657559,-5.1720463,396.91300000,13.9576000
"TIC 159759306","Kepler-220 c","Kepler-220",9.03419900000,1.4860000,0.05841000,2455004.01425000,1.57000000,0.666000,291.5060432,46.8956262,171.10900000,12.1813000
"TIC 363478257","K2-35 b","K2-35",2.39996400000,1.9920000,0.04040000,2456810.58400000,1.32000000,0.619575,170.1031027,1.2858679,252.59600000,13.1872000
"TIC 38136597","K2-368 b","K2-368",5.02559800000,2.2800000,0.04850000,2456978.76720000,1.33200000,0.663000,332.6357627,-11.1661157,206.60800000,12.5832000
